<?xml version="1.0" encoding="UTF-8" standalone="no"?>
<data>
    <event startTimeInterval="1.066666" start="September 3 2015 13:43:33 GMT-0600" endTimeInterval="29.666666" end="September 3 2015 13:44:01 GMT-0600" isDuration="true" title="" annotation-modificationDate="September 17 2015 13:49:52 GMT-0600" annotation-modificationUser="Jennifer Payne" annotation-category="Loading data" image="images/96000.jpg">Typing in data.<category name="Loading data"></category>
    </event>
    <event startTimeInterval="29.98204444444444" start="September 3 2015 13:44:01 GMT-0600" endTimeInterval="32.36667777777778" end="September 3 2015 13:44:04 GMT-0600" isDuration="true" title="" annotation-modificationDate="September 17 2015 13:59:34 GMT-0600" annotation-modificationUser="Jennifer Payne" annotation-category="Selecting data" image="images/2698384.jpg">New Annotation…<category name="Selecting data"></category>
    </event>
    <event startTimeInterval="32.37534444444444" start="September 3 2015 13:44:04 GMT-0600" endTimeInterval="45.90001111111111" end="September 3 2015 13:44:17 GMT-0600" isDuration="true" title="" annotation-modificationDate="September 17 2015 14:00:02 GMT-0600" annotation-modificationUser="Jennifer Payne" annotation-category="Exploring the tool" image="images/2913781.jpg">New Annotation…<category name="Exploring the tool"></category>
    </event>
    <event startTimeInterval="45.41702222222222" start="September 3 2015 13:44:17 GMT-0600" endTimeInterval="49.96667777777778" end="September 3 2015 13:44:21 GMT-0600" isDuration="true" title="" annotation-modificationDate="September 17 2015 14:00:58 GMT-0600" annotation-modificationUser="Jennifer Payne" annotation-category="Visual Mapping creation" image="images/4087532.jpg">New Annotation…<category name="Visual Mapping creation"></category>
    </event>
    <event startTimeInterval="55.80001111111111" start="September 3 2015 13:44:27 GMT-0600" endTimeInterval="69.22645555555556" end="September 3 2015 13:44:41 GMT-0600" isDuration="true" title="" annotation-modificationDate="September 17 2015 14:01:54 GMT-0600" annotation-modificationUser="Jennifer Payne" annotation-category="Interuption" image="images/5022001.jpg">Tiffany instructs him to colour bars.<category name="Interuption"></category>
    </event>
    <event startTimeInterval="69.82272222222223" start="September 3 2015 13:44:41 GMT-0600" endTimeInterval="80.80001111111112" end="September 3 2015 13:44:52 GMT-0600" isDuration="true" title="" annotation-modificationDate="September 17 2015 14:02:31 GMT-0600" annotation-modificationUser="Jennifer Payne" annotation-category="Exploring the tool" image="images/6284045.jpg">Trying to select one bar.<category name="Exploring the tool"></category>
    </event>
    <event startTimeInterval="79.73334444444444" start="September 3 2015 13:44:51 GMT-0600" endTimeInterval="91.80001111111112" end="September 3 2015 13:45:03 GMT-0600" isDuration="true" title="" annotation-modificationDate="September 17 2015 14:03:37 GMT-0600" annotation-modificationUser="Jennifer Payne" annotation-category="Interuption" image="images/7176001.jpg">New Annotation…<category name="Interuption"></category>
    </event>
    <event startTimeInterval="115.6333444444444" start="September 3 2015 13:45:27 GMT-0600" endTimeInterval="161.1055111111111" end="September 3 2015 13:46:13 GMT-0600" isDuration="true" title="" annotation-modificationDate="September 17 2015 14:06:15 GMT-0600" annotation-modificationUser="Jennifer Payne" annotation-category="Visual mapping modification" image="images/10407001.jpg">New Annotation…<category name="Visual mapping modification"></category>
    </event>
    <event startTimeInterval="92.28181111111111" start="September 3 2015 13:45:04 GMT-0600" endTimeInterval="115.7783777777778" end="September 3 2015 13:45:27 GMT-0600" isDuration="true" title="" annotation-modificationDate="September 17 2015 14:04:41 GMT-0600" annotation-modificationUser="Jennifer Payne" annotation-category="Exploring the tool" image="images/8305363.jpg">New Annotation…<category name="Exploring the tool"></category>
    </event>
    <event startTimeInterval="199.5203666666667" start="September 3 2015 13:46:51 GMT-0600" endTimeInterval="224.6973111111111" end="September 3 2015 13:47:16 GMT-0600" isDuration="true" title="" annotation-modificationDate="September 17 2015 14:07:24 GMT-0600" annotation-modificationUser="Jennifer Payne" annotation-category="Verifying the visualization" image="images/17956833.jpg">New Annotation…<category name="Verifying the visualization"></category>
    </event>
    <event startTimeInterval="224.8791333333333" start="September 3 2015 13:47:16 GMT-0600" endTimeInterval="236.9666777777778" end="September 3 2015 13:47:28 GMT-0600" isDuration="true" title="" annotation-modificationDate="September 17 2015 14:08:05 GMT-0600" annotation-modificationUser="Jennifer Payne" annotation-category="Presentation mapping modification" image="images/20239122.jpg">Changes the border colour.<category name="Presentation mapping modification"></category>
    </event>
    <event startTimeInterval="225.3800222222222" start="September 3 2015 13:47:17 GMT-0600" endTimeInterval="236.4304888888889" end="September 3 2015 13:47:28 GMT-0600" isDuration="true" title="" annotation-modificationDate="September 17 2015 14:09:06 GMT-0600" annotation-modificationUser="Jennifer Payne" annotation-category="Exploring the tool" image="images/20284202.jpg">New Annotation…<category name="Exploring the tool"></category>
    </event>
    <event startTimeInterval="237.3307222222222" start="September 3 2015 13:47:29 GMT-0600" endTimeInterval="292.4643111111111" end="September 3 2015 13:48:24 GMT-0600" isDuration="true" title="" annotation-modificationDate="September 17 2015 14:09:22 GMT-0600" annotation-modificationUser="Jennifer Payne" annotation-category="Visual mapping modification" image="images/21359765.jpg">New Annotation…<category name="Visual mapping modification"></category>
    </event>
</data>