pid,order,step,technique,task,size,trial,pAnswer,correctAnswer,startTime,endTime,completionTime,clicksLink,clicksNode,penDownTime
p1,A,S0,active,degree,n40,t2,7,7,2075614911,2075716916,102005,1,21,1748
p1,A,S1,active,reach,n20,t0,8,8,2076804488,2076829146,24658,1,8,2962
p1,A,S3,baseline,reach,n40,t1,12,13,2078458395,2078473658,15263,0,7,0
p1,A,S2,baseline,degree,n20,t2,3,3,2077542257,2077557772,15515,0,3,0
p1,A,S1,active,reach,n80,t1,21,21,2077321525,2077393376,71851,4,26,15339
p1,A,S2,baseline,degree,n80,t3,13,14,2077903342,2078010338,106996,0,40,0
p1,A,S3,baseline,reach,n80,t1,22,21,2078654522,2078684605,30083,1,19,0
p1,A,S2,baseline,degree,n40,t2,7,7,2077692854,2077729347,36493,0,12,0
p1,A,S3,baseline,reach,n20,t0,9,8,2078335698,2078363416,27718,0,15,0
p1,A,S1,active,reach,n40,t0,18,16,2076909896,2076984628,74732,1,16,16478
p1,A,S0,active,degree,n20,t1,4,4,2075170260,2075233492,63232,3,37,617
p1,A,S0,active,degree,n80,t2,16,16,2076472827,2076599713,126886,4,23,11986
p1,A,S1,active,reach,n80,t0,25,25,2077125190,2077183956,58766,0,15,19332
p1,A,S0,active,degree,n40,t3,8,8,2075720760,2075868424,147664,0,35,1687
p1,A,S1,active,reach,n20,t1,10,11,2076750594,2076783250,32656,1,8,5342
p1,A,S3,baseline,reach,n40,t2,14,15,2078413128,2078456740,43612,0,30,0
p1,A,S2,baseline,degree,n20,t1,4,4,2077505378,2077540707,35329,0,5,0
p1,A,S2,baseline,degree,n80,t0,19,19,2078011945,2078104873,92928,2,46,0
p1,A,S2,baseline,degree,n40,t1,9,9,2077730684,2077795310,64626,0,29,0
p1,A,S0,active,degree,n20,t0,5,5,2075362604,2075397847,35243,0,6,960
p1,A,S0,active,degree,n80,t3,14,14,2076346559,2076470301,123742,2,26,10951
p1,A,S3,baseline,reach,n20,t3,9,9,2078366042,2078400810,34768,0,18,0
p1,A,S1,active,reach,n40,t1,13,13,2077038550,2077072701,34151,0,7,10167
p1,A,S3,baseline,reach,n80,t2,28,30,2078686385,2078842612,156227,6,115,0
p1,A,S1,active,reach,n20,t2,6,7,2076862576,2076893055,30479,1,12,3626
p1,A,S3,baseline,reach,n40,t3,13,14,2078524834,2078545676,20842,1,11,0
p1,A,S2,baseline,degree,n20,t0,5,5,2077559127,2077586021,26894,0,12,0
p1,A,S1,active,reach,n80,t3,28,28,2077185729,2077238325,52596,2,7,17989
p1,A,S2,baseline,degree,n80,t1,13,13,2077844848,2077901648,56800,0,24,0
p1,A,S0,active,degree,n40,t0,9,9,2075510733,2075612665,101932,0,24,2001
p1,A,S3,baseline,reach,n20,t2,7,7,2078278472,2078290413,11941,0,4,0
p1,A,S2,baseline,degree,n40,t0,9,9,2077632588,2077691314,58726,1,17,0
p1,A,S0,active,degree,n20,t3,4,5,2075292082,2075348882,56800,0,12,746
p1,A,S0,active,degree,n80,t0,20,19,2075877634,2076130532,252898,2,42,27105
p1,A,S3,baseline,reach,n80,t3,27,28,2078844421,2078901187,56766,1,41,0
p1,A,S1,active,reach,n40,t2,15,15,2076995899,2077036498,40599,0,6,12328
p1,A,S3,baseline,reach,n40,t0,16,16,2078475818,2078521512,45694,0,19,0
p1,A,S2,baseline,degree,n20,t3,6,5,2077587349,2077623580,36231,0,11,0
p1,A,S1,active,reach,n80,t2,30,30,2077240020,2077319772,79752,0,26,21000
p1,A,S2,baseline,degree,n80,t2,16,16,2078106954,2078196868,89914,3,38,0
p1,A,S0,active,degree,n40,t1,7,9,2075414725,2075497803,83078,0,31,1569
p1,A,S1,active,reach,n20,t3,9,9,2076830686,2076861115,30429,2,8,4614
p1,A,S3,baseline,reach,n80,t0,25,25,2078552059,2078652722,100663,4,95,0
p1,A,S3,baseline,reach,n20,t1,12,11,2078291924,2078333840,41916,0,20,0
p1,A,S1,active,reach,n40,t3,14,14,2077074240,2077118373,44133,1,14,11829
p1,A,S2,baseline,degree,n40,t3,7,8,2077796733,2077836617,39884,0,23,0
p1,A,S0,active,degree,n20,t2,3,3,2075238429,2075289321,50892,1,13,452
p1,A,S0,active,degree,n80,t1,13,13,2076139394,2076344283,204889,1,34,10818
p2,B,S0,active,reach,n40,t1,13,13,-2136932146,-2136901107,31039,0,7,3861
p2,B,S2,baseline,reach,n20,t1,10,11,-2135389437,-2135366726,22711,5,2,0
p2,B,S2,baseline,reach,n80,t2,36,30,-2135187895,-2135128711,59184,0,18,0
p2,B,S3,baseline,degree,n20,t1,4,4,-2134953379,-2134937263,16116,0,3,0
p2,B,S1,active,degree,n40,t1,8,9,-2136281002,-2136218535,62467,2,26,2586
p2,B,S3,baseline,degree,n80,t2,12,16,-2134836947,-2134797286,39661,2,29,0
p2,B,S0,active,reach,n20,t0,8,8,-2137097270,-2137074424,22846,0,8,1677
p2,B,S1,active,degree,n80,t1,13,13,-2135676297,-2135589213,87084,1,44,5201
p2,B,S2,baseline,reach,n40,t1,12,13,-2135280569,-2135261461,19108,0,11,0
p2,B,S0,active,reach,n80,t1,21,21,-2136708026,-2136673665,34361,0,3,6680
p2,B,S3,baseline,degree,n40,t1,7,9,-2134910661,-2134886689,23972,0,10,0
p2,B,S1,active,degree,n20,t0,5,5,-2136407419,-2136364011,43408,2,13,2107
p2,B,S0,active,reach,n40,t2,15,15,-2136961103,-2136933860,27243,0,4,4770
p2,B,S2,baseline,reach,n20,t0,8,8,-2135428022,-2135415324,12698,0,5,0
p2,B,S2,baseline,reach,n80,t3,28,28,-2135091473,-2135063166,28307,0,8,0
p2,B,S3,baseline,degree,n20,t0,5,5,-2134970898,-2134954598,16300,0,11,0
p2,B,S1,active,degree,n40,t2,7,7,-2136351914,-2136287258,64656,1,13,2432
p2,B,S3,baseline,degree,n80,t3,14,14,-2134706203,-2134678086,28117,2,31,0
p2,B,S1,active,degree,n80,t2,16,16,-2135808475,-2135678482,129993,1,38,7583
p2,B,S2,baseline,reach,n40,t0,14,16,-2135357582,-2135331173,26409,0,1,0
p2,B,S0,active,reach,n20,t3,9,9,-2137151835,-2137115227,36608,0,14,2363
p2,B,S0,active,reach,n80,t2,30,30,-2136893670,-2136815793,77877,0,6,9969
p2,B,S1,active,degree,n20,t3,5,5,-2136492510,-2136444946,47564,0,14,2580
p2,B,S3,baseline,degree,n40,t0,7,9,-2134864385,-2134845093,19292,0,1,0
p2,B,S3,baseline,degree,n80,t0,15,19,-2134787256,-2134741610,45646,0,28,0
p2,B,S2,baseline,reach,n20,t3,9,9,-2135413871,-2135390850,23021,0,3,0
p2,B,S0,active,reach,n40,t3,14,14,-2137045777,-2137001952,43825,1,14,3976
p2,B,S1,active,degree,n40,t3,7,8,-2136216203,-2136152543,63660,2,27,2115
p2,B,S2,baseline,reach,n80,t0,23,25,-2135257617,-2135190036,67581,0,20,0
p2,B,S3,baseline,degree,n20,t3,5,5,-2134999460,-2134986954,12506,0,1,0
p2,B,S2,baseline,reach,n40,t3,13,14,-2135304181,-2135282099,22082,1,6,0
p2,B,S1,active,degree,n80,t3,13,14,-2135917672,-2135813462,104210,0,57,6293
p2,B,S0,active,reach,n20,t2,7,7,-2137112699,-2137099632,13067,0,4,1827
p2,B,S0,active,reach,n80,t3,20,28,-2136759945,-2136712451,47494,0,4,10089
p2,B,S1,active,degree,n20,t2,3,3,-2136443495,-2136408995,34500,1,6,1624
p2,B,S3,baseline,degree,n40,t3,4,8,-2134932567,-2134911957,20610,0,7,0
p2,B,S0,active,reach,n40,t0,15,16,-2137000365,-2136966011,34354,0,7,4509
p2,B,S2,baseline,reach,n20,t2,6,7,-2135449046,-2135432282,16764,0,5,0
p2,B,S2,baseline,reach,n80,t1,18,21,-2135117302,-2135093217,24085,0,5,0
p2,B,S3,baseline,degree,n20,t2,3,3,-2134985677,-2134973212,12465,0,1,0
p2,B,S1,active,degree,n40,t0,9,9,-2136150180,-2136060575,89605,0,32,5080
p2,B,S3,baseline,degree,n80,t1,13,13,-2134739810,-2134708168,31642,2,36,0
p2,B,S1,active,degree,n80,t0,16,19,-2136051798,-2135920101,131697,0,55,7956
p2,B,S2,baseline,reach,n40,t2,14,15,-2135329556,-2135305846,23710,0,6,0
p2,B,S0,active,reach,n20,t1,11,11,-2137072943,-2137052979,19964,0,7,3088
p2,B,S0,active,reach,n80,t0,24,25,-2136814109,-2136772717,41392,0,4,8102
p2,B,S1,active,degree,n20,t1,4,4,-2136533445,-2136494593,38852,0,10,1939
p2,B,S3,baseline,degree,n40,t2,7,7,-2134885352,-2134865682,19670,0,3,0
p3,C,S2,active,degree,n40,t0,9,9,-2127544301,-2127407165,137136,2,35,17311
p3,C,S3,active,reach,n20,t2,7,7,-2126059690,-2126037908,21782,0,6,1918
p3,C,S0,baseline,degree,n20,t3,5,5,-2129610346,-2129575106,35240,0,14,0
p3,C,S3,active,reach,n80,t3,28,28,-2125823412,-2125764877,58535,0,7,11549
p3,C,S1,baseline,reach,n80,t2,32,30,-2128268530,-2128182671,85859,0,7,0
p3,C,S0,baseline,degree,n40,t3,6,8,-2129420839,-2129370050,50789,0,16,0
p3,C,S3,active,reach,n40,t2,15,15,-2125945905,-2125905527,40378,1,6,4535
p3,C,S1,baseline,reach,n20,t1,11,11,-2128627201,-2128596871,30330,0,0,0
p3,C,S1,baseline,reach,n40,t1,14,13,-2128524804,-2128490380,34424,0,1,0
p3,C,S2,active,degree,n20,t3,4,5,-2127787347,-2127728474,58873,0,15,8201
p3,C,S0,baseline,degree,n80,t3,14,14,-2129082551,-2128971117,111434,1,34,0
p3,C,S2,active,degree,n80,t0,19,19,-2126397345,-2126185659,211686,2,47,25381
p3,C,S2,active,degree,n40,t1,9,9,-2127165399,-2127061830,103569,1,23,13825
p3,C,S0,baseline,degree,n20,t0,5,5,-2129651151,-2129613457,37694,0,14,0
p3,C,S3,active,reach,n20,t3,9,9,-2126114294,-2126061258,53036,8,35,2780
p3,C,S1,baseline,reach,n80,t1,19,21,-2128179737,-2128128993,50744,0,1,0
p3,C,S3,active,reach,n80,t2,28,30,-2125713929,-2125644663,69266,0,12,13066
p3,C,S1,baseline,reach,n20,t2,6,7,-2128687901,-2128638726,49175,0,0,0
p3,C,S2,active,degree,n80,t1,13,13,-2126816373,-2126598769,217604,2,43,23472
p3,C,S3,active,reach,n40,t3,14,14,-2125904151,-2125863196,40955,0,8,3651
p3,C,S0,baseline,degree,n40,t0,7,9,-2129480418,-2129423249,57169,1,13,0
p3,C,S0,baseline,degree,n80,t0,10,19,-2128967031,-2128895914,71117,0,20,0
p3,C,S1,baseline,reach,n40,t2,17,15,-2128485266,-2128441773,43493,0,1,0
p3,C,S2,active,degree,n20,t2,3,3,-2127856567,-2127789518,67049,1,16,9473
p3,C,S0,baseline,degree,n20,t1,4,4,-2129693028,-2129656166,36862,1,13,0
p3,C,S2,active,degree,n40,t2,7,7,-2127272946,-2127167626,105320,0,18,14157
p3,C,S1,baseline,reach,n80,t0,21,25,-2128126719,-2128056812,69907,0,1,0
p3,C,S3,active,reach,n80,t1,21,21,-2125641382,-2125589657,51725,1,6,8704
p3,C,S3,active,reach,n20,t0,8,8,-2126036533,-2126015062,21471,0,6,1988
p3,C,S2,active,degree,n80,t2,16,16,-2127055109,-2126818492,236617,2,50,26838
p3,C,S0,baseline,degree,n40,t1,8,9,-2129364200,-2129314845,49355,0,13,0
p3,C,S1,baseline,reach,n20,t3,8,9,-2128764189,-2128728618,35571,0,0,0
p3,C,S0,baseline,degree,n80,t1,10,13,-2129217692,-2129085445,132247,2,33,0
p3,C,S1,baseline,reach,n40,t3,14,14,-2128439388,-2128379376,60012,1,2,0
p3,C,S3,active,reach,n40,t0,14,16,-2125984013,-2125949080,34933,0,9,3867
p3,C,S2,active,degree,n20,t1,4,4,-2127711528,-2127639694,71834,1,20,8667
p3,C,S3,active,reach,n20,t1,11,11,-2126013601,-2125987985,25616,1,7,2756
p3,C,S2,active,degree,n40,t3,8,8,-2127404559,-2127281767,122792,0,27,14061
p3,C,S0,baseline,degree,n20,t2,3,3,-2129730584,-2129696962,33622,0,19,0
p3,C,S1,baseline,reach,n80,t3,25,28,-2128372453,-2128272024,100429,0,4,0
p3,C,S3,active,reach,n80,t0,25,25,-2125763222,-2125715428,47794,0,6,9838
p3,C,S2,active,degree,n80,t3,14,14,-2126596689,-2126399396,197293,1,35,24270
p3,C,S0,baseline,degree,n40,t2,6,7,-2129563892,-2129484303,79589,1,26,0
p3,C,S1,baseline,reach,n20,t0,7,8,-2128723633,-2128692238,31395,0,0,0
p3,C,S1,baseline,reach,n40,t0,13,16,-2128590995,-2128528271,62724,2,2,0
p3,C,S0,baseline,degree,n80,t2,11,16,-2129301463,-2129222298,79165,1,25,0
p3,C,S3,active,reach,n40,t1,13,13,-2125861665,-2125827198,34467,0,9,3370
p3,C,S2,active,degree,n20,t0,5,5,-2127637176,-2127569906,67270,0,17,8061
p4,D,S3,active,degree,n40,t3,8,8,-2047591087,-2047544788,46299,0,0,3606
p4,D,S2,active,reach,n80,t3,36,28,-2047875829,-2047811855,63974,0,0,10942
p4,D,S0,baseline,reach,n40,t2,16,15,-2050016816,-2049936181,80635,0,0,0
p4,D,S1,baseline,degree,n40,t2,5,7,-2049167124,-2049091352,75772,0,0,0
p4,D,S3,active,degree,n20,t2,3,3,-2047646784,-2047624880,21904,0,0,1256
p4,D,S0,baseline,reach,n80,t2,34,30,-2049721319,-2049657312,64007,0,0,0
p4,D,S2,active,reach,n20,t2,7,7,-2048566756,-2048517106,49650,0,0,6196
p4,D,S3,active,degree,n80,t3,14,14,-2047296598,-2047251385,45213,0,0,6134
p4,D,S2,active,reach,n40,t2,13,15,-2048196959,-2048144562,52397,0,0,7108
p4,D,S0,baseline,reach,n20,t1,11,11,-2050444439,-2050345279,99160,0,0,0
p4,D,S1,baseline,degree,n20,t1,1,4,-2049295960,-2049255076,40884,0,0,0
p4,D,S1,baseline,degree,n80,t2,12,16,-2048970185,-2048929286,40899,0,0,0
p4,D,S2,active,reach,n80,t0,18,25,-2047932387,-2047884717,47670,0,0,7814
p4,D,S0,baseline,reach,n40,t3,13,14,-2049931337,-2049869408,61929,0,0,0
p4,D,S3,active,degree,n40,t0,9,9,-2047518174,-2047480797,37377,0,0,3804
p4,D,S1,baseline,degree,n40,t3,8,8,-2049009398,-2048975499,33899,0,0,0
p4,D,S3,active,degree,n20,t1,5,4,-2047697516,-2047679091,18425,0,0,2030
p4,D,S0,baseline,reach,n80,t3,21,28,-2049570915,-2049529566,41349,0,0,0
p4,D,S2,active,reach,n20,t1,10,11,-2048612955,-2048577611,35344,0,0,4494
p4,D,S1,baseline,degree,n80,t3,14,14,-2048853645,-2048822371,31274,0,0,0
p4,D,S3,active,degree,n80,t0,12,19,-2047433402,-2047361737,71665,0,0,4830
p4,D,S2,active,reach,n40,t1,13,13,-2048409224,-2048348160,61064,0,0,7726
p4,D,S1,baseline,degree,n20,t0,1,5,-2049236891,-2049178680,58211,0,0,0
p4,D,S0,baseline,reach,n20,t0,8,8,-2050187646,-2050159937,27709,0,0,0
p4,D,S2,active,reach,n80,t1,23,21,-2048131602,-2048035483,96119,0,0,11225
p4,D,S3,active,degree,n40,t1,9,9,-2047542683,-2047520192,22491,0,0,3229
p4,D,S1,baseline,degree,n40,t0,7,9,-2049044984,-2049014449,30535,0,0,0
p4,D,S0,baseline,reach,n40,t0,14,16,-2050146175,-2050020340,125835,0,0,0
p4,D,S0,baseline,reach,n80,t0,23,25,-2049793850,-2049725134,68716,0,0,0
p4,D,S3,active,degree,n20,t0,7,5,-2047623280,-2047602771,20509,0,0,2862
p4,D,S2,active,reach,n40,t0,15,16,-2048256685,-2048202009,54676,0,0,8649
p4,D,S2,active,reach,n20,t0,8,8,-2048515246,-2048468193,47053,0,0,3582
p4,D,S3,active,degree,n80,t1,10,13,-2047348909,-2047302371,46538,0,0,4686
p4,D,S0,baseline,reach,n20,t3,9,9,-2050338680,-2050248427,90253,0,0,0
p4,D,S1,baseline,degree,n80,t0,11,19,-2048889807,-2048860227,29580,0,0,0
p4,D,S1,baseline,degree,n20,t3,5,5,-2049329566,-2049298429,31137,0,0,0
p4,D,S3,active,degree,n40,t2,8,7,-2047475953,-2047443669,32284,0,0,3443
p4,D,S1,baseline,degree,n40,t1,8,9,-2049085869,-2049049622,36247,0,0,0
p4,D,S2,active,reach,n80,t2,26,30,-2048026414,-2047936890,89524,0,0,12468
p4,D,S0,baseline,reach,n40,t1,12,13,-2049865522,-2049802991,62531,0,0,0
p4,D,S3,active,degree,n20,t3,5,5,-2047675294,-2047652062,23232,0,0,2520
p4,D,S0,baseline,reach,n80,t1,27,21,-2049653367,-2049578462,74905,0,0,0
p4,D,S2,active,reach,n20,t3,8,9,-2048466281,-2048421012,45269,0,0,3845
p4,D,S3,active,degree,n80,t2,14,16,-2047247613,-2047194969,52644,0,0,6180
p4,D,S0,baseline,reach,n20,t2,7,7,-2050245154,-2050190334,54820,0,0,0
p4,D,S2,active,reach,n40,t3,15,14,-2048345082,-2048268078,77004,0,0,8482
p4,D,S1,baseline,degree,n20,t2,3,3,-2049363715,-2049331625,32090,0,0,0
p4,D,S1,baseline,degree,n80,t1,12,13,-2048925051,-2048892102,32949,0,0,0
p5,A,S1,active,reach,n80,t3,27,28,-2037457824,-2037342325,115499,3,4,37948
p5,A,S1,active,reach,n40,t3,14,14,-2037643293,-2037568441,74852,2,11,20499
p5,A,S0,active,degree,n80,t1,12,13,-2038546327,-2038347564,198763,3,84,13207
p5,A,S2,baseline,degree,n40,t1,8,9,-2036568157,-2036524760,43397,1,16,0
p5,A,S0,active,degree,n20,t0,4,5,-2040624661,-2040575985,48676,0,15,15
p5,A,S3,baseline,reach,n20,t3,9,9,-2036066842,-2036025467,41375,0,6,0
p5,A,S3,baseline,reach,n80,t0,17,25,-2035661517,-2035592988,68529,0,8,0
p5,A,S1,active,reach,n20,t2,7,7,-2037776001,-2037743343,32658,0,4,9330
p5,A,S0,active,degree,n40,t0,7,9,-2039819380,-2039672952,146428,1,48,9054
p5,A,S2,baseline,degree,n80,t1,7,13,-2036377629,-2036342891,34738,3,18,0
p5,A,S3,baseline,reach,n40,t3,13,14,-2035992142,-2035944833,47309,3,15,0
p5,A,S2,baseline,degree,n20,t0,4,5,-2036833600,-2036801019,32581,0,11,0
p5,A,S0,active,degree,n20,t1,3,4,-2040298080,-2040224754,73326,1,24,2301
p5,A,S1,active,reach,n80,t2,30,30,-2037339789,-2037184819,154970,1,11,55898
p5,A,S1,active,reach,n40,t2,15,15,-2037513305,-2037462240,51065,0,5,18181
p5,A,S0,active,degree,n80,t0,19,19,-2038891471,-2038548951,342520,2,102,25105
p5,A,S3,baseline,reach,n80,t3,29,28,-2035590520,-2035493641,96879,1,16,0
p5,A,S2,baseline,degree,n40,t2,5,7,-2036645617,-2036610956,34661,0,6,0
p5,A,S3,baseline,reach,n20,t0,8,8,-2036106721,-2036069176,37545,0,6,0
p5,A,S2,baseline,degree,n20,t3,4,5,-2036738629,-2036719610,19019,0,5,0
p5,A,S1,active,reach,n20,t3,9,9,-2037962941,-2037891159,71782,0,9,9809
p5,A,S2,baseline,degree,n80,t2,11,16,-2036518379,-2036449481,68898,0,33,0
p5,A,S0,active,degree,n40,t1,9,9,-2040198133,-2039989599,208534,6,47,11412
p5,A,S3,baseline,reach,n40,t0,12,16,-2035876952,-2035815280,61672,3,22,0
p5,A,S0,active,degree,n20,t2,2,3,-2040378982,-2040313178,65804,0,21,1917
p5,A,S2,baseline,degree,n40,t3,5,8,-2036703163,-2036650864,52299,0,17,0
p5,A,S1,active,reach,n80,t1,22,21,-2037084067,-2037004754,79313,0,4,38902
p5,A,S0,active,degree,n80,t3,12,14,-2039370952,-2039156805,214147,5,100,11974
p5,A,S1,active,reach,n40,t1,12,13,-2037566532,-2037517246,49286,0,8,14536
p5,A,S3,baseline,reach,n80,t2,26,30,-2035490824,-2035461108,29716,0,8,0
p5,A,S3,baseline,reach,n20,t1,12,11,-2036171474,-2036108795,62679,0,7,0
p5,A,S2,baseline,degree,n20,t2,3,3,-2036767888,-2036740402,27486,0,9,0
p5,A,S0,active,degree,n40,t2,6,7,-2039986921,-2039827939,158982,1,37,5999
p5,A,S1,active,reach,n20,t0,8,8,-2037888942,-2037837350,51592,0,6,12359
p5,A,S2,baseline,degree,n80,t3,13,14,-2036443352,-2036380941,62411,0,19,0
p5,A,S3,baseline,reach,n40,t1,13,13,-2035941713,-2035879238,62475,0,19,0
p5,A,S0,active,degree,n20,t3,5,5,-2040531658,-2040390045,141613,1,24,6680
p5,A,S1,active,reach,n80,t0,25,25,-2037182787,-2037085801,96986,1,4,42324
p5,A,S0,active,degree,n80,t2,16,16,-2039144776,-2038894647,250129,7,92,16172
p5,A,S2,baseline,degree,n40,t0,4,9,-2036607672,-2036572815,34857,0,8,0
p5,A,S1,active,reach,n40,t0,16,16,-2037738114,-2037645559,92555,1,12,20392
p5,A,S3,baseline,reach,n80,t1,21,21,-2035722693,-2035663407,59286,1,10,0
p5,A,S3,baseline,reach,n20,t2,7,7,-2036023637,-2036002652,20985,0,2,0
p5,A,S0,active,degree,n40,t3,8,8,-2039657323,-2039437989,219334,4,59,13693
p5,A,S3,baseline,reach,n40,t2,14,15,-2035813420,-2035729445,83975,0,10,0
p5,A,S2,baseline,degree,n80,t0,11,19,-2036337651,-2036306532,31119,2,13,0
p5,A,S1,active,reach,n20,t1,11,11,-2037834794,-2037778044,56750,0,9,18869
p5,A,S2,baseline,degree,n20,t1,3,4,-2036797281,-2036771616,25665,1,12,0
p6,B,S3,baseline,degree,n80,t0,11,19,-1964153804,-1964138242,15562,0,0,0
p6,B,S2,baseline,reach,n80,t0,23,25,-1964600267,-1964548103,52164,0,0,0
p6,B,S1,active,degree,n20,t3,5,5,-1965746012,-1965693839,52173,0,0,4457
p6,B,S1,active,degree,n40,t3,7,8,-1965553826,-1965486429,67397,0,0,9052
p6,B,S2,baseline,reach,n20,t3,9,9,-1965001472,-1964941715,59757,0,0,0
p6,B,S3,baseline,degree,n40,t0,7,9,-1964260877,-1964247590,13287,0,0,0
p6,B,S0,active,reach,n40,t3,18,14,-1966563742,-1966410609,153133,0,0,18421
p6,B,S0,active,reach,n80,t3,22,28,-1966259315,-1966162732,96583,0,0,7231
p6,B,S2,baseline,reach,n40,t3,18,14,-1964728352,-1964697500,30852,0,0,0
p6,B,S3,baseline,degree,n20,t3,5,5,-1964416959,-1964395471,21488,0,0,0
p6,B,S1,active,degree,n80,t3,13,14,-1965257719,-1965219421,38298,0,0,1338
p6,B,S0,active,reach,n20,t2,10,7,-1966740320,-1966681306,59014,0,0,2014
p6,B,S0,active,reach,n40,t0,13,16,-1966342866,-1966264515,78351,0,0,9658
p6,B,S2,baseline,reach,n80,t1,25,21,-1964496868,-1964479350,17518,0,0,0
p6,B,S3,baseline,degree,n80,t1,13,13,-1964232068,-1964206416,25652,0,0,0
p6,B,S1,active,degree,n40,t0,5,9,-1965376943,-1965341037,35906,0,0,2067
p6,B,S2,baseline,reach,n20,t2,7,7,-1964842095,-1964817112,24983,0,0,0
p6,B,S1,active,degree,n20,t0,2,5,-1965621745,-1965561739,60006,0,0,6081
p6,B,S3,baseline,degree,n40,t1,6,9,-1964310951,-1964283672,27279,0,0,0
p6,B,S2,baseline,reach,n40,t2,16,15,-1964696532,-1964657818,38714,0,0,0
p6,B,S0,active,reach,n80,t0,26,25,-1966160661,-1966077025,83636,0,0,4570
p6,B,S0,active,reach,n20,t1,8,11,-1966860017,-1966805875,54142,0,0,3455
p6,B,S1,active,degree,n80,t0,9,19,-1965336700,-1965295863,40837,0,0,1551
p6,B,S3,baseline,degree,n20,t2,6,3,-1964330784,-1964315638,15146,0,0,0
p6,B,S2,baseline,reach,n80,t2,27,30,-1964654167,-1964601546,52621,0,0,0
p6,B,S0,active,reach,n40,t1,13,13,-1966408896,-1966344086,64810,0,0,5701
p6,B,S2,baseline,reach,n20,t1,10,11,-1964940776,-1964868154,72622,15,0,0
p6,B,S3,baseline,degree,n80,t2,44,16,-1964205119,-1964179746,25373,0,0,0
p6,B,S1,active,degree,n40,t1,6,9,-1965457435,-1965378145,79290,0,0,8122
p6,B,S3,baseline,degree,n40,t2,8,7,-1964282122,-1964261962,20160,0,0,0
p6,B,S1,active,degree,n20,t1,3,4,-1965692717,-1965655639,37078,0,0,6884
p6,B,S2,baseline,reach,n40,t1,14,13,-1964759708,-1964729939,29769,0,0,0
p6,B,S0,active,reach,n80,t1,20,21,-1966073781,-1965985563,88218,0,0,53272
p6,B,S0,active,reach,n20,t0,6,8,-1966679960,-1966640903,39057,0,0,1901
p6,B,S1,active,degree,n80,t1,16,13,-1965218134,-1965178169,39965,0,0,1068
p6,B,S3,baseline,degree,n20,t1,4,4,-1964394512,-1964375599,18913,0,0,0
p6,B,S0,active,reach,n40,t2,11,15,-1966635925,-1966565562,70363,0,0,15702
p6,B,S2,baseline,reach,n80,t3,24,28,-1964547153,-1964497962,49191,0,0,0
p6,B,S1,active,degree,n20,t2,3,3,-1965654447,-1965622791,31656,0,0,3844
p6,B,S3,baseline,degree,n80,t3,13,14,-1964176996,-1964154918,22078,0,0,0
p6,B,S1,active,degree,n40,t2,3,7,-1965485316,-1965458648,26668,0,0,3560
p6,B,S2,baseline,reach,n20,t0,7,8,-1964867080,-1964843111,23969,0,0,0
p6,B,S3,baseline,degree,n40,t3,5,8,-1964246458,-1964235158,11300,0,0,0
p6,B,S2,baseline,reach,n40,t0,12,16,-1964812471,-1964761063,51408,0,0,0
p6,B,S0,active,reach,n80,t2,32,30,-1965984199,-1965826632,157567,0,0,8388
p6,B,S1,active,degree,n80,t2,17,16,-1965293569,-1965259164,34405,0,0,1241
p6,B,S3,baseline,degree,n20,t0,3,5,-1964374195,-1964331830,42365,0,0,0
p6,B,S0,active,reach,n20,t3,7,9,-1966804005,-1966742171,61834,0,0,3333
p7,C,S3,active,reach,n20,t0,8,8,-1954230582,-1954210757,19825,0,6,2634
p7,C,S0,baseline,degree,n80,t2,12,16,-1956720744,-1956656331,64413,2,48,0
p7,C,S3,active,reach,n80,t1,18,21,-1954058423,-1954031823,26600,0,3,6831
p7,C,S2,active,degree,n40,t2,7,7,-1955192703,-1955111372,81331,2,35,8328
p7,C,S0,baseline,degree,n20,t1,2,4,-1957953245,-1957888666,64579,1,25,0
p7,C,S1,baseline,reach,n40,t0,15,16,-1956176038,-1956081572,94466,4,22,0
p7,C,S0,baseline,degree,n40,t1,2,9,-1957689808,-1957602411,87397,1,32,0
p7,C,S1,baseline,reach,n20,t3,9,9,-1956370178,-1956350410,19768,0,7,0
p7,C,S2,active,degree,n80,t2,16,16,-1954584151,-1954452719,131432,7,65,18175
p7,C,S3,active,reach,n40,t0,15,16,-1954130974,-1954097074,33900,1,6,6533
p7,C,S2,active,degree,n20,t1,4,4,-1955355380,-1955309956,45424,0,28,1847
p7,C,S1,baseline,reach,n80,t0,29,25,-1955834534,-1955732240,102294,3,64,0
p7,C,S1,baseline,reach,n40,t3,12,14,-1956345288,-1956318149,27139,0,9,0
p7,C,S2,active,degree,n40,t3,7,8,-1955109734,-1955022834,86900,4,39,7640
p7,C,S3,active,reach,n20,t1,11,11,-1954308466,-1954269728,38738,0,5,4917
p7,C,S3,active,reach,n80,t0,19,25,-1953922418,-1953888695,33723,0,4,7815
p7,C,S0,baseline,degree,n20,t2,3,3,-1957806936,-1957712693,94243,2,25,0
p7,C,S0,baseline,degree,n80,t1,12,13,-1956647149,-1956537130,110019,7,61,0
p7,C,S0,baseline,degree,n40,t2,7,7,-1957563878,-1957445801,118077,3,38,0
p7,C,S2,active,degree,n80,t3,14,14,-1954725209,-1954585613,139596,2,78,17905
p7,C,S2,active,degree,n20,t0,5,5,-1955402213,-1955356890,45323,1,17,2492
p7,C,S3,active,reach,n40,t1,14,13,-1954206884,-1954169886,36998,0,8,5656
p7,C,S1,baseline,reach,n80,t3,32,28,-1955979281,-1955843612,135669,2,33,0
p7,C,S1,baseline,reach,n20,t0,8,8,-1956434716,-1956417177,17539,0,5,0
p7,C,S3,active,reach,n80,t3,28,28,-1954023155,-1953984754,38401,0,4,13059
p7,C,S2,active,degree,n40,t0,9,9,-1955251045,-1955194340,56705,0,40,3951
p7,C,S3,active,reach,n20,t2,7,7,-1954245914,-1954232092,13822,1,3,2365
p7,C,S0,baseline,degree,n20,t3,4,5,-1957877004,-1957820686,56318,3,25,0
p7,C,S0,baseline,degree,n80,t0,15,19,-1957144115,-1956920518,223597,4,92,0
p7,C,S1,baseline,reach,n40,t2,16,15,-1956263818,-1956178777,85041,5,16,0
p7,C,S3,active,reach,n40,t2,15,15,-1954095023,-1954063839,31184,1,5,5839
p7,C,S0,baseline,degree,n40,t3,6,8,-1957319600,-1957177439,142161,6,57,0
p7,C,S2,active,degree,n80,t0,19,19,-1954920797,-1954727765,193032,2,59,21481
p7,C,S2,active,degree,n20,t3,4,5,-1955308524,-1955262444,46080,0,25,1891
p7,C,S1,baseline,reach,n80,t2,27,30,-1955723507,-1955642608,80899,2,19,0
p7,C,S1,baseline,reach,n20,t1,11,11,-1956414415,-1956390369,24046,0,7,0
p7,C,S0,baseline,degree,n80,t3,10,14,-1956906536,-1956750357,156179,2,115,0
p7,C,S3,active,reach,n20,t3,10,9,-1954268343,-1954247393,20950,0,5,3762
p7,C,S3,active,reach,n80,t2,27,30,-1953982207,-1953925642,56565,0,7,12505
p7,C,S2,active,degree,n40,t1,9,9,-1955009564,-1954927556,82008,12,47,7739
p7,C,S1,baseline,reach,n40,t1,13,13,-1956313055,-1956265629,47426,0,12,0
p7,C,S0,baseline,degree,n20,t0,2,5,-1958008662,-1957972788,35874,4,18,0
p7,C,S1,baseline,reach,n20,t2,7,7,-1956388344,-1956371794,16550,0,3,0
p7,C,S2,active,degree,n80,t1,13,13,-1954450580,-1954357074,93506,4,83,10118
p7,C,S3,active,reach,n40,t3,13,14,-1954162312,-1954133742,28570,0,7,5303
p7,C,S2,active,degree,n20,t2,3,3,-1955438465,-1955405041,33424,0,19,1403
p7,C,S1,baseline,reach,n80,t1,21,21,-1956066764,-1955984794,81970,4,40,0
p7,C,S0,baseline,degree,n40,t0,6,9,-1957442267,-1957335405,106862,3,32,0
p8,D,S3,active,degree,n40,t1,8,9,-1706273244,-1706247329,25915,1,18,2380
p8,D,S0,baseline,reach,n40,t0,16,16,-1708125598,-1708043994,81604,2,46,0
p8,D,S0,baseline,reach,n20,t0,7,8,-1708394602,-1708382951,11651,0,5,0
p8,D,S1,baseline,degree,n80,t1,12,13,-1707291300,-1707251271,40029,2,32,0
p8,D,S1,baseline,degree,n20,t0,5,5,-1707666806,-1707623186,43620,0,31,0
p8,D,S2,active,reach,n40,t1,13,13,-1706795987,-1706765897,30090,0,8,6181
p8,D,S3,active,degree,n80,t1,12,13,-1706033586,-1705964039,69547,4,54,3718
p8,D,S0,baseline,reach,n80,t0,24,25,-1707893018,-1707845939,47079,62,68,0
p8,D,S3,active,degree,n20,t0,5,5,-1706418092,-1706391449,26643,2,17,1422
p8,D,S1,baseline,degree,n40,t0,8,9,-1707455222,-1707418509,36713,0,24,0
p8,D,S2,active,reach,n20,t0,8,8,-1706960550,-1706944957,15593,0,5,3179
p8,D,S2,active,reach,n80,t1,21,21,-1706681302,-1706648645,32657,1,8,7551
p8,D,S3,active,degree,n40,t2,7,7,-1706341745,-1706313727,28018,1,18,1973
p8,D,S1,baseline,degree,n20,t1,3,4,-1707621520,-1707593968,27552,0,22,0
p8,D,S0,baseline,reach,n20,t1,10,11,-1708295818,-1708258869,36949,0,14,0
p8,D,S0,baseline,reach,n40,t1,13,13,-1708154942,-1708127233,27709,1,16,0
p8,D,S1,baseline,degree,n80,t0,14,19,-1707351722,-1707295899,55823,3,53,0
p8,D,S2,active,reach,n40,t2,14,15,-1706878771,-1706852439,26332,0,5,6426
p8,D,S3,active,degree,n80,t2,14,16,-1706191225,-1706122027,69198,6,43,4407
p8,D,S0,baseline,reach,n80,t1,21,21,-1708036825,-1708005002,31823,1,16,0
p8,D,S3,active,degree,n20,t3,5,5,-1706370055,-1706345969,24086,0,15,1300
p8,D,S2,active,reach,n80,t2,30,30,-1706647008,-1706578091,68917,1,28,9039
p8,D,S1,baseline,degree,n40,t1,8,9,-1707585308,-1707541475,43833,3,31,0
p8,D,S2,active,reach,n20,t3,10,9,-1706921336,-1706894141,27195,0,7,4075
p8,D,S1,baseline,degree,n20,t2,2,3,-1707703434,-1707678486,24948,3,12,0
p8,D,S3,active,degree,n40,t3,8,8,-1706241384,-1706197771,43613,4,28,2350
p8,D,S1,baseline,degree,n80,t3,14,14,-1707248221,-1707211767,36454,1,37,0
p8,D,S0,baseline,reach,n20,t2,7,7,-1708312416,-1708298363,14053,1,4,0
p8,D,S0,baseline,reach,n40,t2,18,15,-1708239558,-1708207597,31961,25,14,0
p8,D,S2,active,reach,n40,t3,14,14,-1706764522,-1706733607,30915,0,11,5839
p8,D,S3,active,degree,n80,t3,14,14,-1705958277,-1705905986,52291,2,27,4582
p8,D,S1,baseline,degree,n40,t2,7,7,-1707496770,-1707456965,39805,4,29,0
p8,D,S0,baseline,reach,n80,t2,35,30,-1708003298,-1707942777,60521,2,31,0
p8,D,S3,active,degree,n20,t2,3,3,-1706441645,-1706419409,22236,1,14,791
p8,D,S2,active,reach,n80,t3,28,28,-1706729046,-1706682521,46525,0,12,12772
p8,D,S2,active,reach,n20,t2,7,7,-1706974506,-1706962003,12503,0,3,2318
p8,D,S1,baseline,degree,n20,t3,5,5,-1707725622,-1707704769,20853,0,17,0
p8,D,S0,baseline,reach,n20,t3,10,9,-1708357268,-1708314895,42373,1,18,0
p8,D,S3,active,degree,n40,t0,9,9,-1706312120,-1706274321,37799,1,30,3067
p8,D,S0,baseline,reach,n40,t3,15,14,-1708192432,-1708157575,34857,0,16,0
p8,D,S2,active,reach,n40,t0,15,16,-1706839521,-1706801421,38100,1,11,8485
p8,D,S1,baseline,degree,n80,t2,14,16,-1707411090,-1707354869,56221,2,26,0
p8,D,S1,baseline,degree,n40,t3,8,8,-1707538706,-1707498640,40066,2,32,0
p8,D,S3,active,degree,n80,t0,16,19,-1706117418,-1706037517,79901,3,55,7071
p8,D,S3,active,degree,n20,t1,4,4,-1706390267,-1706371234,19033,0,12,1070
p8,D,S0,baseline,reach,n80,t3,30,28,-1707939630,-1707895979,43651,1,18,0
p8,D,S2,active,reach,n20,t1,10,11,-1706943650,-1706923495,20155,0,4,3740
p8,D,S2,active,reach,n80,t0,24,25,-1706576620,-1706546490,30130,0,4,5872
p9,A,S0,active,degree,n20,t2,3,3,-1698242737,-1698193428,49309,0,0,2540
p9,A,S2,baseline,degree,n40,t3,6,8,-1694983051,-1694907190,75861,3,21,0
p9,A,S3,baseline,reach,n20,t1,10,11,-1694479681,-1694465368,14313,0,1,0
p9,A,S1,active,reach,n40,t1,14,13,-1696123959,-1696041088,82871,0,0,10054
p9,A,S3,baseline,reach,n80,t2,30,30,-1694148613,-1694085496,63117,0,1,0
p9,A,S0,active,degree,n80,t3,12,14,-1696999725,-1696799295,200430,0,0,63555
p9,A,S0,active,degree,n40,t2,6,7,-1697500408,-1697375344,125064,0,0,3917
p9,A,S2,baseline,degree,n80,t3,11,14,-1694837866,-1694760446,77420,0,14,0
p9,A,S1,active,reach,n20,t0,8,8,-1696321440,-1696282725,38715,0,0,3158
p9,A,S2,baseline,degree,n20,t2,3,3,-1695205326,-1695184589,20737,0,7,0
p9,A,S3,baseline,reach,n40,t1,10,13,-1694333541,-1694313670,19871,0,1,0
p9,A,S1,active,reach,n80,t1,21,21,-1695746339,-1695627383,118956,0,0,7123
p9,A,S0,active,degree,n20,t3,6,5,-1698097786,-1698023021,74765,0,0,3808
p9,A,S2,baseline,degree,n40,t0,6,9,-1695034593,-1694987282,47311,0,12,0
p9,A,S1,active,reach,n80,t0,23,25,-1695506853,-1695417448,89405,0,0,7736
p9,A,S3,baseline,reach,n20,t2,7,7,-1694462589,-1694449574,13015,0,1,0
p9,A,S1,active,reach,n40,t0,11,16,-1696188502,-1696131448,57054,0,0,10306
p9,A,S0,active,degree,n80,t2,1,16,-1697365062,-1697161110,203952,0,0,62106
p9,A,S2,baseline,degree,n20,t1,4,4,-1695235407,-1695207029,28378,0,13,0
p9,A,S0,active,degree,n40,t3,8,8,-1697722502,-1697502449,220053,0,0,40701
p9,A,S1,active,reach,n20,t1,11,11,-1696479464,-1696428918,50546,0,0,7837
p9,A,S3,baseline,reach,n40,t2,11,15,-1694374465,-1694337377,37088,0,1,0
p9,A,S3,baseline,reach,n80,t1,16,21,-1694281017,-1694246233,34784,0,1,0
p9,A,S2,baseline,degree,n80,t0,8,19,-1694620385,-1694574267,46118,2,23,0
p9,A,S0,active,degree,n20,t0,4,5,-1698321056,-1698249816,71240,0,0,2936
p9,A,S3,baseline,reach,n20,t3,9,9,-1694448160,-1694434620,13540,0,1,0
p9,A,S2,baseline,degree,n40,t1,5,9,-1694902717,-1694847028,55689,3,10,0
p9,A,S0,active,degree,n80,t1,12,13,-1696795136,-1696633671,161465,0,0,13591
p9,A,S1,active,reach,n40,t3,12,14,-1696274779,-1696193615,81164,0,0,6580
p9,A,S2,baseline,degree,n20,t0,3,5,-1695145251,-1695100332,44919,2,19,0
p9,A,S0,active,degree,n40,t0,7,9,-1697998373,-1697864585,133788,0,0,35971
p9,A,S1,active,reach,n20,t2,7,7,-1696362422,-1696323737,38685,0,0,4378
p9,A,S3,baseline,reach,n40,t3,16,14,-1694416967,-1694376808,40159,0,1,0
p9,A,S2,baseline,degree,n80,t1,13,13,-1694690039,-1694622266,67773,2,22,0
p9,A,S3,baseline,reach,n80,t0,25,25,-1694189012,-1694150094,38918,0,1,0
p9,A,S1,active,reach,n80,t3,26,28,-1695625513,-1695514304,111209,0,0,11954
p9,A,S0,active,degree,n20,t1,1,4,-1698191244,-1698104306,86938,0,0,9785
p9,A,S3,baseline,reach,n20,t0,7,8,-1694433023,-1694421092,11931,0,1,0
p9,A,S2,baseline,degree,n40,t2,6,7,-1695093176,-1695039298,53878,3,22,0
p9,A,S0,active,degree,n80,t0,3,19,-1697141201,-1697005855,135346,0,0,12569
p9,A,S3,baseline,reach,n40,t0,9,16,-1694311695,-1694286363,25332,0,1,0
p9,A,S3,baseline,reach,n80,t3,28,28,-1694244296,-1694191036,53260,0,1,0
p9,A,S1,active,reach,n40,t2,15,15,-1696030928,-1695935024,95904,0,0,13093
p9,A,S1,active,reach,n20,t3,8,9,-1696427166,-1696367390,59776,0,0,4882
p9,A,S0,active,degree,n40,t1,1,9,-1697856891,-1697734167,122724,0,0,44430
p9,A,S2,baseline,degree,n80,t2,20,16,-1694756901,-1694693698,63203,4,36,0
p9,A,S2,baseline,degree,n20,t3,5,5,-1695182828,-1695146607,36221,0,15,0
p9,A,S1,active,reach,n80,t2,29,30,-1695929919,-1695754399,175520,0,0,15225
p10,B,S0,active,reach,n40,t3,15,14,-1611139100,-1611065397,73703,0,20,4710
p10,B,S3,baseline,degree,n80,t0,15,19,-1607519208,-1607446725,72483,3,48,0
p10,B,S2,baseline,reach,n20,t3,9,9,-1608890505,-1608866419,24086,0,6,0
p10,B,S1,active,degree,n20,t3,4,5,-1610652435,-1610616771,35664,0,0,6860
p10,B,S1,active,degree,n40,t3,7,8,-1610237451,-1610154207,83244,0,30,6307
p10,B,S2,baseline,reach,n80,t0,29,25,-1608509586,-1608432755,76831,1,38,0
p10,B,S0,active,reach,n20,t3,11,9,-1611411652,-1611372242,39410,0,14,15
p10,B,S3,baseline,degree,n20,t3,5,5,-1608101552,-1608037951,63601,0,31,0
p10,B,S0,active,reach,n80,t3,28,28,-1610885371,-1610840776,44595,1,7,4841
p10,B,S2,baseline,reach,n40,t3,14,14,-1608657444,-1608604671,52773,2,23,0
p10,B,S0,active,reach,n20,t2,7,7,-1611449452,-1611437703,11749,0,4,3
p10,B,S1,active,degree,n80,t3,14,14,-1609456126,-1609287184,168942,0,43,14206
p10,B,S3,baseline,degree,n40,t3,8,8,-1607826785,-1607780114,46671,2,24,0
p10,B,S1,active,degree,n20,t2,3,3,-1610527091,-1610453252,73839,1,21,6739
p10,B,S2,baseline,reach,n80,t3,29,28,-1608599006,-1608512471,86535,48,70,0
p10,B,S0,active,reach,n40,t2,14,15,-1611213889,-1611144899,68990,0,10,4374
p10,B,S3,baseline,degree,n80,t3,15,14,-1607591891,-1607520727,71164,2,42,0
p10,B,S1,active,degree,n40,t2,7,7,-1610143778,-1610064075,79703,1,18,6006
p10,B,S2,baseline,reach,n20,t0,8,8,-1608907104,-1608892240,14864,0,6,0
p10,B,S3,baseline,degree,n20,t0,5,5,-1608036517,-1607992102,44415,1,26,0
p10,B,S0,active,reach,n80,t2,30,30,-1611056690,-1610984470,72220,0,14,11519
p10,B,S1,active,degree,n80,t2,16,16,-1609963014,-1609687020,275994,2,64,18229
p10,B,S2,baseline,reach,n40,t0,17,16,-1608706274,-1608659835,46439,0,15,0
p10,B,S3,baseline,degree,n40,t0,7,9,-1607893608,-1607828334,65274,0,21,0
p10,B,S0,active,reach,n40,t1,13,13,-1611309284,-1611272567,36717,0,15,15
p10,B,S2,baseline,reach,n80,t2,33,30,-1608430306,-1608315570,114736,88,115,0
p10,B,S3,baseline,degree,n80,t2,16,16,-1607660906,-1607594167,66739,1,57,0
p10,B,S1,active,degree,n40,t1,9,9,-1610381093,-1610239309,141784,1,28,12138
p10,B,S2,baseline,reach,n20,t1,11,11,-1608844076,-1608825424,18652,0,6,0
p10,B,S3,baseline,degree,n20,t1,3,4,-1608169540,-1608138363,31177,0,12,0
p10,B,S2,baseline,reach,n40,t1,13,13,-1608817171,-1608768932,48239,0,11,0
p10,B,S0,active,reach,n80,t1,21,21,-1610982321,-1610927401,54920,0,11,6302
p10,B,S0,active,reach,n20,t0,8,8,-1611434547,-1611414895,19652,0,8,8
p10,B,S1,active,degree,n80,t1,13,13,-1609685015,-1609458353,226662,1,66,15995
p10,B,S3,baseline,degree,n40,t1,8,9,-1607987271,-1607895080,92191,2,38,0
p10,B,S1,active,degree,n20,t0,4,5,-1610607030,-1610532416,74614,0,17,5724
p10,B,S0,active,reach,n40,t0,17,16,-1611269247,-1611219845,49402,0,12,13
p10,B,S3,baseline,degree,n80,t1,12,13,-1607724971,-1607665776,59195,2,34,0
p10,B,S1,active,degree,n40,t0,9,9,-1610061295,-1609970925,90370,1,30,8970
p10,B,S2,baseline,reach,n20,t2,7,7,-1608864908,-1608845548,19360,0,6,0
p10,B,S2,baseline,reach,n80,t1,20,21,-1608311676,-1608261657,50019,0,7,0
p10,B,S3,baseline,degree,n20,t2,3,3,-1608134538,-1608103111,31427,1,16,0
p10,B,S1,active,degree,n80,t0,18,19,-1609285432,-1609100578,184854,7,56,16092
p10,B,S2,baseline,reach,n40,t2,15,15,-1608767277,-1608707735,59542,2,21,0
p10,B,S0,active,reach,n80,t0,25,25,-1610925408,-1610888537,36871,0,6,2898
p10,B,S0,active,reach,n20,t1,11,11,-1611368816,-1611323529,45287,2,11,12
p10,B,S1,active,degree,n20,t1,4,4,-1610451403,-1610389517,61886,0,17,4862
p10,B,S3,baseline,degree,n40,t2,7,7,-1607777907,-1607729483,48424,0,24,0
p11,C,S3,active,reach,n20,t0,8,8,-1524972370,-1524953009,19361,0,5,1611
p11,C,S2,active,degree,n40,t2,7,7,-1525836546,-1525707592,128954,1,34,11558
p11,C,S3,active,reach,n80,t1,21,21,-1524711248,-1524656040,55208,0,8,5000
p11,C,S0,baseline,degree,n40,t1,8,9,-1528480709,-1528421950,58759,0,19,0
p11,C,S1,baseline,reach,n80,t0,18,25,-1526736461,-1526655102,81359,0,39,0
p11,C,S0,baseline,degree,n40,t2,7,7,-1528413844,-1528355580,58264,0,21,0
p11,C,S2,active,degree,n80,t2,16,16,-1525325356,-1525199307,126049,2,41,4418
p11,C,S2,active,degree,n20,t1,4,4,-1526311469,-1526275479,35990,0,16,2767
p11,C,S3,active,reach,n40,t0,16,16,-1524895840,-1524835145,60695,0,16,2345
p11,C,S0,baseline,degree,n80,t1,12,13,-1527809992,-1527636119,173873,5,86,0
p11,C,S1,baseline,reach,n40,t3,13,14,-1527178860,-1527113731,65129,2,20,0
p11,C,S0,baseline,degree,n20,t2,3,3,-1528647937,-1528617168,30769,0,12,0
p11,C,S0,baseline,degree,n20,t0,4,5,-1528537316,-1528496272,41044,0,15,0
p11,C,S3,active,reach,n80,t2,30,30,-1524583218,-1524505044,78174,1,7,4547
p11,C,S2,active,degree,n40,t1,9,9,-1526093143,-1525965159,127984,0,30,20918
p11,C,S3,active,reach,n20,t3,9,9,-1524950705,-1524927402,23303,0,6,1858
p11,C,S1,baseline,reach,n80,t1,20,21,-1527033095,-1526960190,72905,1,29,0
p11,C,S0,baseline,degree,n40,t0,7,9,-1528352820,-1528280736,72084,1,36,0
p11,C,S1,baseline,reach,n20,t2,7,7,-1527527454,-1527505441,22013,0,4,0
p11,C,S1,baseline,reach,n20,t3,10,9,-1527440426,-1527415294,25132,0,10,0
p11,C,S3,active,reach,n40,t3,14,14,-1524797752,-1524755228,42524,0,8,2100
p11,C,S2,active,degree,n80,t1,13,13,-1525197101,-1525081523,115578,1,65,4288
p11,C,S2,active,degree,n20,t2,3,3,-1526273706,-1526243383,30323,0,19,1867
p11,C,S1,baseline,reach,n40,t2,15,15,-1527351124,-1527263302,87822,0,34,0
p11,C,S0,baseline,degree,n20,t1,4,4,-1528576278,-1528539892,36386,0,11,0
p11,C,S0,baseline,degree,n80,t0,14,19,-1528205681,-1528094130,111551,1,61,0
p11,C,S2,active,degree,n40,t0,9,9,-1526235857,-1526094749,141108,0,41,20847
p11,C,S3,active,reach,n80,t3,28,28,-1524503254,-1524449817,53437,0,4,5569
p11,C,S3,active,reach,n20,t2,7,7,-1524990054,-1524974142,15912,0,4,1210
p11,C,S1,baseline,reach,n80,t2,32,30,-1526957807,-1526740275,217532,6,90,0
p11,C,S1,baseline,reach,n20,t1,12,11,-1527502808,-1527482332,20476,0,6,0
p11,C,S2,active,degree,n20,t3,5,5,-1526461882,-1526381633,80249,0,29,8020
p11,C,S2,active,degree,n80,t0,19,19,-1525443238,-1525328096,115142,1,57,6952
p11,C,S3,active,reach,n40,t2,15,15,-1524833498,-1524799564,33934,0,4,2971
p11,C,S1,baseline,reach,n40,t1,13,13,-1527405832,-1527352895,52937,1,25,0
p11,C,S3,active,reach,n20,t1,11,11,-1524925803,-1524900245,25558,0,5,1599
p11,C,S0,baseline,degree,n80,t3,11,14,-1527956717,-1527819114,137603,2,75,0
p11,C,S2,active,degree,n40,t3,8,8,-1525963301,-1525838279,125022,1,38,15408
p11,C,S3,active,reach,n80,t0,25,25,-1524654492,-1524585600,68892,0,5,4954
p11,C,S1,baseline,reach,n80,t3,29,28,-1527107104,-1527037181,69923,1,31,0
p11,C,S1,baseline,reach,n20,t0,8,8,-1527479263,-1527442538,36725,0,7,0
p11,C,S0,baseline,degree,n40,t3,6,8,-1528270442,-1528215849,54593,0,26,0
p11,C,S2,active,degree,n80,t3,14,14,-1525700988,-1525445514,255474,1,99,17109
p11,C,S2,active,degree,n20,t0,5,5,-1526379620,-1526313288,66332,1,19,8056
p11,C,S3,active,reach,n40,t1,12,13,-1524753651,-1524728014,25637,0,5,2186
p11,C,S0,baseline,degree,n20,t3,5,5,-1528612665,-1528578486,34179,0,14,0
p11,C,S0,baseline,degree,n80,t2,10,16,-1528089752,-1527963108,126644,2,51,0
p11,C,S1,baseline,reach,n40,t0,19,16,-1527261229,-1527193086,68143,1,38,0
p12,D,S0,baseline,reach,n40,t0,10,16,-1442467357,-1442382997,84360,1,9,0
p12,D,S3,active,degree,n40,t1,8,9,-1440041982,-1439973481,68501,1,27,6980
p12,D,S2,active,reach,n20,t0,8,8,-1440957710,-1440930592,27118,2,6,1871
p12,D,S1,baseline,degree,n40,t0,7,9,-1441758468,-1441717499,40969,0,12,0
p12,D,S2,active,reach,n80,t1,21,21,-1440523588,-1440468219,55369,1,5,12272
p12,D,S3,active,degree,n20,t0,5,5,-1440238622,-1440206845,31777,0,13,3314
p12,D,S3,active,degree,n80,t1,12,13,-1439850312,-1439726103,124209,1,59,8489
p12,D,S0,baseline,reach,n80,t0,24,25,-1442178504,-1442124375,54129,0,21,0
p12,D,S2,active,reach,n40,t0,16,16,-1440786318,-1440733934,52384,0,16,10693
p12,D,S1,baseline,degree,n80,t0,14,19,-1441597360,-1441494518,102842,1,49,0
p12,D,S3,active,degree,n40,t0,7,9,-1440200832,-1440155110,45722,0,29,4669
p12,D,S2,active,reach,n20,t1,11,11,-1441004362,-1440959239,45123,0,13,4412
p12,D,S2,active,reach,n80,t0,25,25,-1440599043,-1440525051,73992,4,8,19968
p12,D,S0,baseline,reach,n80,t3,31,28,-1442230859,-1442181534,49325,1,26,0
p12,D,S3,active,degree,n80,t0,18,19,-1439968534,-1439851909,116625,1,54,15351
p12,D,S3,active,degree,n20,t1,4,4,-1440302194,-1440271917,30277,1,13,2877
p12,D,S0,baseline,reach,n20,t0,7,8,-1442657411,-1442639222,18189,0,1,0
p12,D,S2,active,reach,n40,t1,13,13,-1440860057,-1440826984,33073,0,9,4955
p12,D,S1,baseline,degree,n80,t3,12,14,-1441380819,-1441313944,66875,2,37,0
p12,D,S1,baseline,degree,n20,t0,4,5,-1441945046,-1441920834,24212,1,6,0
p12,D,S3,active,degree,n40,t3,7,8,-1440153318,-1440103732,49586,0,21,5808
p12,D,S1,baseline,degree,n20,t2,3,3,-1441919128,-1441894500,24628,0,7,0
p12,D,S0,baseline,reach,n20,t2,7,7,-1442573462,-1442550511,22951,0,2,0
p12,D,S0,baseline,reach,n40,t2,14,15,-1442536420,-1442472371,64049,4,14,0
p12,D,S2,active,reach,n80,t3,28,28,-1440466932,-1440407815,59117,0,9,13806
p12,D,S1,baseline,degree,n40,t2,4,7,-1441715980,-1441671961,44019,0,16,0
p12,D,S2,active,reach,n20,t2,7,7,-1441035896,-1441006269,29627,1,4,1920
p12,D,S1,baseline,degree,n40,t3,8,8,-1441830522,-1441759919,70603,1,15,0
p12,D,S3,active,degree,n80,t3,13,14,-1439707074,-1439584045,123029,2,53,11965
p12,D,S0,baseline,reach,n80,t2,26,30,-1442294538,-1442232564,61974,10,37,0
p12,D,S3,active,degree,n20,t2,3,3,-1440331316,-1440303471,27845,0,12,1988
p12,D,S0,baseline,reach,n20,t1,10,11,-1442606643,-1442576104,30539,0,1,0
p12,D,S0,baseline,reach,n40,t3,14,14,-1442380528,-1442328229,52299,4,19,0
p12,D,S1,baseline,degree,n80,t2,9,16,-1441492988,-1441383724,109264,2,43,0
p12,D,S1,baseline,degree,n20,t1,4,4,-1441861930,-1441835888,26042,0,7,0
p12,D,S2,active,reach,n40,t2,15,15,-1440825716,-1440787752,37964,0,6,7085
p12,D,S1,baseline,degree,n20,t3,5,5,-1441893048,-1441863275,29773,0,7,0
p12,D,S3,active,degree,n40,t2,6,7,-1440102076,-1440044819,57257,0,26,4549
p12,D,S0,baseline,reach,n20,t3,10,9,-1442635552,-1442613614,21938,0,1,0
p12,D,S0,baseline,reach,n40,t1,13,13,-1442326536,-1442302391,24145,1,11,0
p12,D,S1,baseline,degree,n40,t1,8,9,-1441669668,-1441604953,64715,2,17,0
p12,D,S2,active,reach,n20,t3,9,9,-1440928945,-1440905159,23786,0,6,2937
p12,D,S2,active,reach,n80,t2,26,30,-1440726330,-1440601135,125195,1,12,32313
p12,D,S3,active,degree,n80,t2,16,16,-1439582158,-1439381371,200787,1,49,23501
p12,D,S3,active,degree,n20,t3,5,5,-1440270737,-1440240286,30451,1,12,3392
p12,D,S0,baseline,reach,n80,t1,19,21,-1442119156,-1442078071,41085,0,20,0
p12,D,S1,baseline,degree,n80,t1,6,13,-1441312347,-1441223894,88453,0,44,0
p12,D,S2,active,reach,n40,t3,14,14,-1440900784,-1440861675,39109,0,7,4834
p13,A,S0,active,degree,n20,t2,3,3,-1434506484,-1434448497,57987,0,0,13438
p13,A,S1,active,reach,n80,t1,19,21,-1432975501,-1432967836,7665,0,0,315
p13,A,S3,baseline,reach,n20,t1,10,11,-1432117150,-1432093527,23623,0,6,0
p13,A,S2,baseline,degree,n40,t3,7,8,-1432538916,-1432514530,24386,0,10,0
p13,A,S2,baseline,degree,n20,t2,3,3,-1432746101,-1432705639,40462,0,10,0
p13,A,S0,active,degree,n40,t2,2,7,-1434133206,-1434011281,121925,0,0,43933
p13,A,S2,baseline,degree,n80,t3,10,14,-1432474811,-1432390863,83948,2,27,0
p13,A,S1,active,reach,n20,t0,6,8,-1433311669,-1433222522,89147,0,0,30700
p13,A,S1,active,reach,n40,t0,6,16,-1433157291,-1433089121,68170,1,0,10473
p13,A,S3,baseline,reach,n80,t1,22,21,-1431824739,-1431804603,20136,0,7,0
p13,A,S3,baseline,reach,n40,t1,12,13,-1431992168,-1431938660,53508,0,13,0
p13,A,S0,active,degree,n80,t2,20,16,-1433838118,-1433795760,42358,0,0,5815
p13,A,S0,active,degree,n20,t1,3,4,-1434807402,-1434731946,75456,0,0,16909
p13,A,S2,baseline,degree,n40,t2,5,7,-1432577955,-1432540379,37576,1,16,0
p13,A,S1,active,reach,n80,t2,14,30,-1433003896,-1432997472,6424,0,0,0
p13,A,S3,baseline,reach,n20,t0,8,8,-1432139966,-1432118591,21375,2,6,0
p13,A,S3,baseline,reach,n80,t0,23,25,-1431803152,-1431774415,28737,0,8,0
p13,A,S0,active,degree,n40,t1,4,9,-1434008094,-1433880437,127657,0,0,17827
p13,A,S1,active,reach,n20,t3,9,9,-1433220578,-1433164706,55872,1,0,17181
p13,A,S2,baseline,degree,n80,t2,10,16,-1432344455,-1432319206,25249,2,19,0
p13,A,S2,baseline,degree,n20,t3,4,5,-1432667647,-1432623687,43960,1,21,0
p13,A,S0,active,degree,n80,t1,15,13,-1433632818,-1433615905,16913,0,0,740
p13,A,S3,baseline,reach,n40,t0,11,16,-1432086574,-1432018937,67637,2,15,0
p13,A,S1,active,reach,n40,t3,14,14,-1433050781,-1433028520,22261,0,0,3192
p13,A,S2,baseline,degree,n40,t1,6,9,-1432617072,-1432580705,36367,2,14,0
p13,A,S0,active,degree,n20,t0,1,5,-1434590747,-1434510649,80098,0,0,18209
p13,A,S3,baseline,reach,n20,t3,8,9,-1432168953,-1432141419,27534,0,5,0
p13,A,S1,active,reach,n80,t3,25,28,-1432995064,-1432984839,10225,0,0,1115
p13,A,S2,baseline,degree,n20,t0,2,5,-1432806194,-1432748223,57971,1,13,0
p13,A,S1,active,reach,n20,t2,6,7,-1433355776,-1433313691,42085,0,0,5994
p13,A,S0,active,degree,n40,t0,7,9,-1434316365,-1434135368,180997,0,0,58052
p13,A,S3,baseline,reach,n40,t3,14,14,-1431937273,-1431912210,25063,1,7,0
p13,A,S2,baseline,degree,n80,t1,9,13,-1432389081,-1432345878,43203,3,24,0
p13,A,S0,active,degree,n80,t0,9,19,-1433873578,-1433840449,33129,0,0,4665
p13,A,S1,active,reach,n40,t2,2,15,-1433087384,-1433052882,34502,0,0,9993
p13,A,S3,baseline,reach,n80,t3,35,28,-1431866141,-1431826985,39156,0,10,0
p13,A,S0,active,degree,n20,t3,5,5,-1434727227,-1434592904,134323,0,0,27519
p13,A,S1,active,reach,n80,t0,25,25,-1432983346,-1432977194,6152,0,0,379
p13,A,S3,baseline,reach,n20,t2,7,7,-1432198991,-1432170675,28316,0,3,0
p13,A,S2,baseline,degree,n40,t0,7,9,-1432512905,-1432481455,31450,2,14,0
p13,A,S2,baseline,degree,n20,t1,4,4,-1432703963,-1432669399,34564,0,7,0
p13,A,S0,active,degree,n40,t3,1,8,-1434438070,-1434319184,118886,0,0,37084
p13,A,S3,baseline,reach,n80,t2,30,30,-1431903997,-1431867944,36053,1,9,0
p13,A,S1,active,reach,n20,t1,8,11,-1433404610,-1433357533,47077,0,0,14240
p13,A,S3,baseline,reach,n40,t2,15,15,-1432017416,-1431993737,23679,0,6,0
p13,A,S1,active,reach,n40,t1,15,13,-1433026210,-1433009584,16626,0,0,2195
p13,A,S2,baseline,degree,n80,t0,13,19,-1432317627,-1432301047,16580,2,9,0
p13,A,S0,active,degree,n80,t3,8,14,-1433792834,-1433635179,157655,1,1,32506
p14,B,S2,baseline,reach,n20,t1,12,11,-1364394157,-1364373489,20668,0,8,0
p14,B,S3,baseline,degree,n80,t2,15,16,-1363501705,-1363422356,79349,2,40,0
p14,B,S1,active,degree,n40,t1,8,9,-1365719698,-1365581021,138677,1,22,10478
p14,B,S0,active,reach,n40,t1,11,13,-1366654414,-1366610964,43450,0,0,12957
p14,B,S2,baseline,reach,n80,t2,37,30,-1364038172,-1363972479,65693,2,27,0
p14,B,S0,active,reach,n80,t1,25,21,-1366219312,-1366126410,92902,0,0,28175
p14,B,S3,baseline,degree,n20,t1,4,4,-1363825135,-1363791809,33326,1,10,0
p14,B,S3,baseline,degree,n40,t1,8,9,-1363630492,-1363585486,45006,0,11,0
p14,B,S1,active,degree,n20,t0,4,5,-1365938626,-1365876917,61709,6,27,2125
p14,B,S1,active,degree,n80,t1,13,13,-1365295009,-1365091546,203463,0,47,18335
p14,B,S0,active,reach,n20,t0,8,8,-1366809989,-1366766881,43108,0,0,13637
p14,B,S2,baseline,reach,n40,t1,15,13,-1364215782,-1364184771,31011,2,17,0
p14,B,S2,baseline,reach,n80,t1,20,21,-1364179503,-1364133451,46052,27,67,0
p14,B,S3,baseline,degree,n80,t1,12,13,-1363420438,-1363361101,59337,1,17,0
p14,B,S2,baseline,reach,n20,t2,7,7,-1364370816,-1364357625,13191,0,4,0
p14,B,S1,active,degree,n40,t0,8,9,-1365571208,-1365500537,70671,1,13,4017
p14,B,S0,active,reach,n40,t0,14,16,-1366705982,-1366656453,49529,0,0,12402
p14,B,S1,active,degree,n80,t0,19,19,-1365089019,-1364889525,199494,1,51,24604
p14,B,S3,baseline,degree,n20,t2,2,3,-1363856184,-1363830344,25840,0,6,0
p14,B,S3,baseline,degree,n40,t2,7,7,-1363728414,-1363681086,47328,0,8,0
p14,B,S1,active,degree,n20,t1,3,4,-1365775547,-1365731917,43630,0,7,2447
p14,B,S2,baseline,reach,n40,t2,14,15,-1364312842,-1364268688,44154,2,20,0
p14,B,S0,active,reach,n80,t0,25,25,-1366303962,-1366222298,81664,0,0,28227
p14,B,S0,active,reach,n20,t1,11,11,-1366842215,-1366811587,30628,0,0,9976
p14,B,S2,baseline,reach,n80,t0,26,25,-1364080427,-1364040360,40067,1,18,0
p14,B,S3,baseline,degree,n80,t0,13,19,-1363579267,-1363504047,75220,0,35,0
p14,B,S2,baseline,reach,n20,t3,9,9,-1364419123,-1364395579,23544,1,14,0
p14,B,S1,active,degree,n40,t3,8,8,-1365411600,-1365302254,109346,4,25,9752
p14,B,S0,active,reach,n40,t3,16,14,-1366757267,-1366710225,47042,0,0,14387
p14,B,S0,active,reach,n80,t3,30,28,-1366420113,-1366308259,111854,0,0,34777
p14,B,S3,baseline,degree,n20,t3,5,5,-1363886071,-1363857626,28445,1,10,0
p14,B,S1,active,degree,n80,t3,14,14,-1364716402,-1364604512,111890,4,30,8449
p14,B,S3,baseline,degree,n40,t3,7,8,-1363679847,-1363633658,46189,0,15,0
p14,B,S1,active,degree,n20,t2,2,3,-1365872005,-1365834545,37460,0,10,1712
p14,B,S0,active,reach,n20,t2,7,7,-1366897006,-1366876110,20896,0,0,4185
p14,B,S2,baseline,reach,n40,t3,12,14,-1364349723,-1364315273,34450,4,18,0
p14,B,S1,active,degree,n40,t2,7,7,-1365496533,-1365413290,83243,0,21,4345
p14,B,S2,baseline,reach,n20,t0,8,8,-1364445147,-1364420809,24338,1,13,0
p14,B,S3,baseline,degree,n80,t3,15,14,-1363359619,-1363300444,59175,0,22,0
p14,B,S0,active,reach,n40,t2,11,15,-1366608096,-1366561815,46281,0,0,12019
p14,B,S2,baseline,reach,n80,t3,30,28,-1364131097,-1364082295,48802,1,31,0
p14,B,S0,active,reach,n80,t2,26,30,-1366541686,-1366429520,112166,0,0,26528
p14,B,S2,baseline,reach,n40,t0,15,16,-1364266927,-1364218289,48638,1,20,0
p14,B,S3,baseline,degree,n20,t0,4,5,-1363912937,-1363887398,25539,1,11,0
p14,B,S3,baseline,degree,n40,t0,9,9,-1363784234,-1363729923,54311,0,14,0
p14,B,S0,active,reach,n20,t3,9,9,-1366873933,-1366844365,29568,0,0,8643
p14,B,S1,active,degree,n80,t2,15,16,-1364886198,-1364719813,166385,7,50,16053
p14,B,S1,active,degree,n20,t3,4,5,-1365826656,-1365781065,45591,0,12,3420
p15,C,S2,active,degree,n40,t0,6,9,-1356481310,-1356427821,53489,0,7,8
p15,C,S0,baseline,degree,n80,t0,12,19,-1358260035,-1358226636,33399,0,0,0
p15,C,S0,baseline,degree,n20,t3,2,5,-1358638615,-1358587436,51179,0,0,0
p15,C,S1,baseline,reach,n40,t2,15,15,-1357344746,-1357269728,75018,0,0,0
p15,C,S3,active,reach,n20,t2,9,7,-1355889972,-1355847195,42777,0,8,8
p15,C,S3,active,reach,n80,t3,30,28,-1355538652,-1355480995,57657,0,3,3
p15,C,S1,baseline,reach,n20,t1,13,11,-1357877885,-1357832962,44923,0,0,0
p15,C,S2,active,degree,n80,t0,14,19,-1356182983,-1356046872,136111,2,27,37
p15,C,S3,active,reach,n40,t2,17,15,-1355752200,-1355684245,67955,0,6,6
p15,C,S1,baseline,reach,n80,t2,19,30,-1357262494,-1357178122,84372,0,0,0
p15,C,S0,baseline,degree,n40,t3,5,8,-1358493583,-1358396218,97365,0,0,0
p15,C,S2,active,degree,n20,t3,5,5,-1356674900,-1356632917,41983,2,6,12
p15,C,S3,active,reach,n20,t1,10,11,-1355793176,-1355757682,35494,0,5,4
p15,C,S0,baseline,degree,n20,t2,1,3,-1358705361,-1358643631,61730,0,0,0
p15,C,S0,baseline,degree,n80,t1,15,13,-1358221573,-1358194786,26787,0,0,0
p15,C,S1,baseline,reach,n40,t3,15,14,-1357499465,-1357427352,72113,0,0,0
p15,C,S3,active,reach,n80,t0,29,25,-1355478971,-1355434075,44896,0,4,4
p15,C,S2,active,degree,n40,t3,5,8,-1356546701,-1356483567,63134,0,11,11
p15,C,S3,active,reach,n40,t1,11,13,-1355632950,-1355582388,50562,0,4,3
p15,C,S1,baseline,reach,n20,t0,6,8,-1357814524,-1357754899,59625,0,0,0
p15,C,S0,baseline,degree,n40,t2,5,7,-1358333572,-1358319801,13771,0,0,0
p15,C,S1,baseline,reach,n80,t3,21,28,-1357127216,-1357055414,71802,0,0,0
p15,C,S2,active,degree,n20,t0,5,5,-1356596802,-1356557121,39681,1,9,11
p15,C,S2,active,degree,n80,t3,19,14,-1356218566,-1356185338,33228,0,4,9
p15,C,S3,active,reach,n20,t0,9,8,-1355922067,-1355895501,26566,0,4,4
p15,C,S0,baseline,degree,n20,t1,1,4,-1358583127,-1358512380,70747,0,0,0
p15,C,S1,baseline,reach,n40,t0,17,16,-1357594526,-1357503474,91052,0,0,0
p15,C,S0,baseline,degree,n80,t2,6,16,-1358306098,-1358262834,43264,0,0,0
p15,C,S2,active,degree,n40,t2,9,7,-1356358538,-1356272151,86387,0,15,15
p15,C,S3,active,reach,n80,t1,17,21,-1355386855,-1355324875,61980,1,5,8
p15,C,S0,baseline,degree,n40,t1,4,9,-1358393555,-1358367796,25759,0,0,0
p15,C,S3,active,reach,n40,t0,13,16,-1355580530,-1355547718,32812,0,4,4
p15,C,S1,baseline,reach,n20,t3,9,9,-1357691643,-1357611275,80368,0,0,0
p15,C,S1,baseline,reach,n80,t0,21,25,-1357051909,-1356971372,80537,0,0,0
p15,C,S2,active,degree,n20,t1,4,4,-1356630825,-1356598700,32125,0,6,5
p15,C,S2,active,degree,n80,t2,16,16,-1356261264,-1356225472,35792,2,14,6
p15,C,S0,baseline,degree,n80,t3,11,14,-1358186650,-1358133896,52754,0,0,0
p15,C,S0,baseline,degree,n20,t0,2,5,-1358766677,-1358710863,55814,0,0,0
p15,C,S1,baseline,reach,n40,t1,19,13,-1357424723,-1357350628,74095,0,0,0
p15,C,S2,active,degree,n40,t1,8,9,-1356425817,-1356360544,65273,2,11,14
p15,C,S3,active,reach,n20,t3,9,9,-1355844997,-1355795210,49787,0,7,7
p15,C,S3,active,reach,n80,t2,24,30,-1355431575,-1355389352,42223,0,4,4
p15,C,S0,baseline,degree,n40,t0,7,9,-1358364639,-1358336468,28171,0,0,0
p15,C,S1,baseline,reach,n20,t2,7,7,-1357748125,-1357694476,53649,0,0,0
p15,C,S2,active,degree,n80,t1,15,13,-1356044831,-1356005846,38985,1,4,7
p15,C,S1,baseline,reach,n80,t1,26,21,-1357175750,-1357131101,44649,0,0,0
p15,C,S2,active,degree,n20,t2,3,3,-1356718540,-1356677070,41470,0,6,7
p15,C,S3,active,reach,n40,t3,15,14,-1355682106,-1355634780,47326,0,4,4
p16,D,S1,baseline,degree,n80,t3,24,14,-1350826921,-1350767448,59473,4,51,0
p16,D,S2,active,reach,n40,t3,14,14,-1350113983,-1350031827,82156,24,32,9522
p16,D,S1,baseline,degree,n20,t2,2,3,-1351335558,-1351303395,32163,1,17,0
p16,D,S0,baseline,reach,n40,t2,15,15,-1351914666,-1351877069,37597,0,10,0
p16,D,S3,active,degree,n40,t3,8,8,-1348843376,-1348715071,128305,1,51,11085
p16,D,S3,active,degree,n80,t3,13,14,-1348494823,-1348373076,121747,11,84,10267
p16,D,S2,active,reach,n20,t2,7,7,-1350298512,-1350270776,27736,0,6,3128
p16,D,S1,baseline,degree,n40,t2,8,7,-1351163634,-1351113281,50353,1,38,0
p16,D,S2,active,reach,n80,t3,28,28,-1349698516,-1349620551,77965,0,6,25153
p16,D,S0,baseline,reach,n20,t1,13,11,-1352151544,-1352131039,20505,0,7,0
p16,D,S3,active,degree,n20,t2,3,3,-1349345795,-1349292694,53101,4,20,5050
p16,D,S0,baseline,reach,n80,t2,33,30,-1351781106,-1351697603,83503,166,22,0
p16,D,S1,baseline,degree,n20,t1,3,4,-1351267707,-1351224348,43359,2,25,0
p16,D,S2,active,reach,n40,t2,15,15,-1350030162,-1349992084,38078,0,5,6424
p16,D,S1,baseline,degree,n80,t0,11,19,-1350866726,-1350830407,36319,3,28,0
p16,D,S0,baseline,reach,n40,t1,13,13,-1352069058,-1352022325,46733,0,11,0
p16,D,S3,active,degree,n40,t2,6,7,-1349145567,-1349074501,71066,2,40,2936
p16,D,S2,active,reach,n20,t3,9,9,-1350429592,-1350372492,57100,2,5,15359
p16,D,S1,baseline,degree,n40,t1,6,9,-1351109874,-1351081768,28106,4,20,0
p16,D,S2,active,reach,n80,t2,28,30,-1349892636,-1349805013,87623,1,11,23521
p16,D,S0,baseline,reach,n20,t2,5,7,-1352175085,-1352158912,16173,0,2,0
p16,D,S0,baseline,reach,n80,t1,13,21,-1351870541,-1351785191,85350,1,20,0
p16,D,S3,active,degree,n80,t2,14,16,-1348370716,-1348286661,84055,2,52,7243
p16,D,S3,active,degree,n20,t3,5,5,-1349422663,-1349347906,74757,4,25,8694
p16,D,S3,active,degree,n40,t1,8,9,-1349072438,-1348999394,73044,4,45,4212
p16,D,S1,baseline,degree,n20,t0,2,5,-1351386501,-1351338589,47912,2,24,0
p16,D,S1,baseline,degree,n80,t1,7,13,-1351015077,-1350957763,57314,2,34,0
p16,D,S0,baseline,reach,n40,t0,14,16,-1352019297,-1351965499,53798,1,12,0
p16,D,S2,active,reach,n40,t1,13,13,-1350233626,-1350174724,58902,17,21,5940
p16,D,S3,active,degree,n20,t0,3,5,-1349290749,-1349234597,56152,2,28,5400
p16,D,S1,baseline,degree,n40,t0,7,9,-1351218664,-1351165842,52822,8,34,0
p16,D,S2,active,reach,n80,t1,21,21,-1349987105,-1349894601,92504,0,16,19931
p16,D,S0,baseline,reach,n80,t0,29,25,-1351694912,-1351666824,28088,1,7,0
p16,D,S0,baseline,reach,n20,t3,11,9,-1352128456,-1352082577,45879,1,12,0
p16,D,S2,active,reach,n20,t0,8,8,-1350268723,-1350239601,29122,1,7,3041
p16,D,S3,active,degree,n80,t1,13,13,-1348708910,-1348497051,211859,6,87,22692
p16,D,S3,active,degree,n40,t0,9,9,-1348996587,-1348845273,151314,2,51,17382
p16,D,S1,baseline,degree,n80,t2,15,16,-1350930423,-1350869361,61062,3,56,0
p16,D,S1,baseline,degree,n20,t3,4,5,-1351301168,-1351269963,31205,3,17,0
p16,D,S2,active,reach,n40,t0,15,16,-1350172615,-1350116994,55621,2,11,6052
p16,D,S0,baseline,reach,n40,t3,14,14,-1351962294,-1351917405,44889,5,14,0
p16,D,S1,baseline,degree,n40,t3,7,8,-1351079106,-1351020947,58159,6,36,0
p16,D,S2,active,reach,n20,t1,11,11,-1350370179,-1350301155,69024,0,16,7592
p16,D,S0,baseline,reach,n20,t0,7,8,-1352208476,-1352181990,26486,1,3,0
p16,D,S2,active,reach,n80,t0,24,25,-1349802640,-1349700463,102177,3,11,21218
p16,D,S3,active,degree,n80,t0,20,19,-1348284678,-1348076844,207834,5,65,30550
p16,D,S3,active,degree,n20,t1,4,4,-1349232158,-1349150644,81514,2,36,6040
p16,D,S0,baseline,reach,n80,t3,16,28,-1351664074,-1351622952,41122,0,11,0
