<?xml version="1.0" encoding="UTF-8" standalone="no"?>
<data>
    <event startTimeInterval="0.676466" start="September 3 2015 13:44:40 GMT-0600" endTimeInterval="3.8" end="September 3 2015 13:44:43 GMT-0600" isDuration="true" title="" annotation-modificationDate="September 17 2015 11:49:20 GMT-0600" annotation-modificationUser="Jennifer Payne" annotation-category="Loading data" image="images/60882.jpg">Getting tiles.<category name="Loading data"></category>
    </event>
    <event startTimeInterval="8.300000000000001" start="September 3 2015 13:44:48 GMT-0600" endTimeInterval="11.5" end="September 3 2015 13:44:51 GMT-0600" isDuration="true" title="" annotation-modificationDate="September 17 2015 11:49:20 GMT-0600" annotation-modificationUser="Jennifer Payne" annotation-category="Loading data" image="images/747000.jpg">Getting tiles.<category name="Loading data"></category>
    </event>
    <event startTimeInterval="16.5" start="September 3 2015 13:44:56 GMT-0600" endTimeInterval="21.4" end="September 3 2015 13:45:01 GMT-0600" isDuration="true" title="" annotation-modificationDate="September 17 2015 11:49:20 GMT-0600" annotation-modificationUser="Jennifer Payne" annotation-category="Loading data" image="images/1485000.jpg">Getting tiles.<category name="Loading data"></category>
    </event>
    <event startTimeInterval="26.8" start="September 3 2015 13:45:06 GMT-0600" endTimeInterval="32.533333" end="September 3 2015 13:45:12 GMT-0600" isDuration="true" title="" annotation-modificationDate="September 17 2015 11:49:20 GMT-0600" annotation-modificationUser="Jennifer Payne" annotation-category="Loading data" image="images/2412000.jpg">New Annotation…<category name="Loading data"></category>
    </event>
    <event startTimeInterval="45.033333" start="September 3 2015 13:45:25 GMT-0600" endTimeInterval="50.066666" end="September 3 2015 13:45:30 GMT-0600" isDuration="true" title="" annotation-modificationDate="September 17 2015 11:49:20 GMT-0600" annotation-modificationUser="Jennifer Payne" annotation-category="Loading data" image="images/4053000.jpg">Didn't actually get tiles, but moved hand to do so.<category name="Loading data"></category>
    </event>
    <event startTimeInterval="56" start="September 3 2015 13:45:36 GMT-0600" endTimeInterval="60.133333" end="September 3 2015 13:45:40 GMT-0600" isDuration="true" title="" annotation-modificationDate="September 17 2015 11:49:20 GMT-0600" annotation-modificationUser="Jennifer Payne" annotation-category="Loading data" image="images/5040000.jpg">Getting tiles.<category name="Loading data"></category>
    </event>
    <event startTimeInterval="77.63333299999999" start="September 3 2015 13:45:57 GMT-0600" endTimeInterval="80.63333299999999" end="September 3 2015 13:46:00 GMT-0600" isDuration="true" title="" annotation-modificationDate="September 17 2015 11:49:20 GMT-0600" annotation-modificationUser="Jennifer Payne" annotation-category="Loading data" image="images/6987000.jpg">Getting tiles.<category name="Loading data"></category>
    </event>
    <event startTimeInterval="98.13333299999999" start="September 3 2015 13:46:18 GMT-0600" endTimeInterval="101.633333" end="September 3 2015 13:46:21 GMT-0600" isDuration="true" title="" annotation-modificationDate="September 17 2015 11:49:20 GMT-0600" annotation-modificationUser="Jennifer Payne" annotation-category="Loading data" image="images/8832000.jpg">Getting tiles.<category name="Loading data"></category>
    </event>
    <event startTimeInterval="104.133333" start="September 3 2015 13:46:24 GMT-0600" endTimeInterval="106.633333" end="September 3 2015 13:46:26 GMT-0600" isDuration="true" title="" annotation-modificationDate="September 17 2015 11:49:20 GMT-0600" annotation-modificationUser="Jennifer Payne" annotation-category="Loading data" image="images/9372000.jpg">Getting tiles.<category name="Loading data"></category>
    </event>
    <event startTimeInterval="120.7" start="September 3 2015 13:46:40 GMT-0600" endTimeInterval="123.2" end="September 3 2015 13:46:43 GMT-0600" isDuration="true" title="" annotation-modificationDate="September 17 2015 11:49:20 GMT-0600" annotation-modificationUser="Jennifer Payne" annotation-category="Loading data" image="images/10863000.jpg">Getting tiles.<category name="Loading data"></category>
    </event>
    <event startTimeInterval="128.199998" start="September 3 2015 13:46:48 GMT-0600" endTimeInterval="131.699998" end="September 3 2015 13:46:51 GMT-0600" isDuration="true" title="" annotation-modificationDate="September 17 2015 11:49:20 GMT-0600" annotation-modificationUser="Jennifer Payne" annotation-category="Loading data" image="images/11538000.jpg">Getting tiles.<category name="Loading data"></category>
    </event>
    <event startTimeInterval="151.7" start="September 3 2015 13:47:11 GMT-0600" endTimeInterval="156.2" end="September 3 2015 13:47:16 GMT-0600" isDuration="true" title="" annotation-modificationDate="September 17 2015 11:49:20 GMT-0600" annotation-modificationUser="Jennifer Payne" annotation-category="Loading data" image="images/13653000.jpg">New Annotation…<category name="Loading data"></category>
    </event>
    <event startTimeInterval="175.7" start="September 3 2015 13:47:35 GMT-0600" endTimeInterval="180.7" end="September 3 2015 13:47:40 GMT-0600" isDuration="true" title="" annotation-modificationDate="September 17 2015 11:49:20 GMT-0600" annotation-modificationUser="Jennifer Payne" annotation-category="Loading data" image="images/15813000.jpg">Getting tiles.<category name="Loading data"></category>
    </event>
    <event startTimeInterval="194.7" start="September 3 2015 13:47:54 GMT-0600" endTimeInterval="197.2" end="September 3 2015 13:47:57 GMT-0600" isDuration="true" title="" annotation-modificationDate="September 17 2015 11:49:20 GMT-0600" annotation-modificationUser="Jennifer Payne" annotation-category="Loading data" image="images/17523000.jpg">Getting tiles.<category name="Loading data"></category>
    </event>
    <event startTimeInterval="207.7" start="September 3 2015 13:48:07 GMT-0600" endTimeInterval="210.2" end="September 3 2015 13:48:10 GMT-0600" isDuration="true" title="" annotation-modificationDate="September 17 2015 11:49:20 GMT-0600" annotation-modificationUser="Jennifer Payne" annotation-category="Loading data" image="images/18693000.jpg">Getting tiles.<category name="Loading data"></category>
    </event>
    <event startTimeInterval="218.7" start="September 3 2015 13:48:18 GMT-0600" endTimeInterval="221.2" end="September 3 2015 13:48:21 GMT-0600" isDuration="true" title="" annotation-modificationDate="September 17 2015 11:49:20 GMT-0600" annotation-modificationUser="Jennifer Payne" annotation-category="Loading data" image="images/19683000.jpg">Getting tiles.<category name="Loading data"></category>
    </event>
    <event startTimeInterval="240.8196333333333" start="September 3 2015 13:48:40 GMT-0600" endTimeInterval="247.7" end="September 3 2015 13:48:47 GMT-0600" isDuration="true" title="" annotation-modificationDate="September 17 2015 12:51:02 GMT-0600" annotation-modificationUser="Jennifer Payne" annotation-category="Loading data" image="images/21673767.jpg">Getting tiles.<category name="Loading data"></category>
    </event>
    <event startTimeInterval="254.2" start="September 3 2015 13:48:54 GMT-0600" endTimeInterval="258.2" end="September 3 2015 13:48:58 GMT-0600" isDuration="true" title="" annotation-modificationDate="September 17 2015 11:49:20 GMT-0600" annotation-modificationUser="Jennifer Payne" annotation-category="Loading data" image="images/22878000.jpg">New Annotation…<category name="Loading data"></category>
    </event>
    <event startTimeInterval="261.2" start="September 3 2015 13:49:01 GMT-0600" endTimeInterval="262.7" end="September 3 2015 13:49:02 GMT-0600" isDuration="true" title="" annotation-modificationDate="September 17 2015 11:49:20 GMT-0600" annotation-modificationUser="Jennifer Payne" annotation-category="Loading data" image="images/23508000.jpg">New Annotation…<category name="Loading data"></category>
    </event>
    <event startTimeInterval="266.7" start="September 3 2015 13:49:06 GMT-0600" endTimeInterval="267.2" end="September 3 2015 13:49:07 GMT-0600" isDuration="true" title="" annotation-modificationDate="September 17 2015 11:49:20 GMT-0600" annotation-modificationUser="Jennifer Payne" annotation-category="Loading data" image="images/24003000.jpg">Didn't actually get tiles?<category name="Loading data"></category>
    </event>
    <event startTimeInterval="270.7" start="September 3 2015 13:49:10 GMT-0600" endTimeInterval="271.7" end="September 3 2015 13:49:11 GMT-0600" isDuration="true" title="" annotation-modificationDate="September 17 2015 11:49:20 GMT-0600" annotation-modificationUser="Jennifer Payne" annotation-category="Loading data" image="images/24363000.jpg">Getting tiles.<category name="Loading data"></category>
    </event>
    <event startTimeInterval="273.7" start="September 3 2015 13:49:13 GMT-0600" endTimeInterval="274.7" end="September 3 2015 13:49:14 GMT-0600" isDuration="true" title="" annotation-modificationDate="September 17 2015 11:49:20 GMT-0600" annotation-modificationUser="Jennifer Payne" annotation-category="Loading data" image="images/24633000.jpg">New Annotation…<category name="Loading data"></category>
    </event>
    <event startTimeInterval="282.7" start="September 3 2015 13:49:22 GMT-0600" endTimeInterval="286.406655" end="September 3 2015 13:49:26 GMT-0600" isDuration="true" title="" annotation-modificationDate="September 17 2015 11:49:20 GMT-0600" annotation-modificationUser="Jennifer Payne" annotation-category="Presentation mapping creation" image="images/25443000.jpg">Y-axis.<category name="Presentation mapping creation"></category>
    </event>
    <event startTimeInterval="331.300822" start="September 3 2015 13:50:11 GMT-0600" endTimeInterval="335.800822" end="September 3 2015 13:50:15 GMT-0600" isDuration="true" title="" annotation-modificationDate="September 17 2015 11:49:20 GMT-0600" annotation-modificationUser="Jennifer Payne" annotation-category="Verifying the visualization" image="images/29817074.jpg">New Annotation…<category name="Verifying the visualization"></category>
    </event>
    <event startTimeInterval="286.233333" start="September 3 2015 13:49:26 GMT-0600" endTimeInterval="290.233333" end="September 3 2015 13:49:30 GMT-0600" isDuration="true" title="" annotation-modificationDate="September 17 2015 11:49:20 GMT-0600" annotation-modificationUser="Jennifer Payne" annotation-category="Verifying the visualization" image="images/25761000.jpg">New Annotation…<category name="Verifying the visualization"></category>
    </event>
    <event startTimeInterval="290.2" start="September 3 2015 13:49:30 GMT-0600" endTimeInterval="331.4" end="September 3 2015 13:50:11 GMT-0600" isDuration="true" title="" annotation-modificationDate="September 17 2015 11:49:20 GMT-0600" annotation-modificationUser="Jennifer Payne" annotation-category="Presentation mapping creation" image="images/26118000.jpg">Y-axis.<category name="Presentation mapping creation"></category>
    </event>
    <event startTimeInterval="274.587422" start="September 3 2015 13:49:14 GMT-0600" endTimeInterval="283.560655" end="September 3 2015 13:49:23 GMT-0600" isDuration="true" title="" annotation-modificationDate="September 17 2015 12:53:41 GMT-0600" annotation-modificationUser="Jennifer Payne" annotation-category="Interuption" image="images/24712868.jpg">Instructions from operator.<category name="Interuption"></category>
    </event>
    <event startTimeInterval="3.598166" start="September 3 2015 13:44:43 GMT-0600" endTimeInterval="8.199999" end="September 3 2015 13:44:48 GMT-0600" isDuration="true" title="" annotation-modificationDate="September 17 2015 12:54:29 GMT-0600" annotation-modificationUser="Jennifer Payne" annotation-category="Visual mapping modification" image="images/323835.jpg">New Annotation…<category name="Visual mapping modification"></category>
    </event>
    <event startTimeInterval="11.699988" start="September 3 2015 13:44:51 GMT-0600" endTimeInterval="17.136077" end="September 3 2015 13:44:57 GMT-0600" isDuration="true" title="" annotation-modificationDate="September 17 2015 12:54:21 GMT-0600" annotation-modificationUser="Jennifer Payne" annotation-category="Visual mapping modification" image="images/1052999.jpg">New Annotation…<category name="Visual mapping modification"></category>
    </event>
    <event startTimeInterval="21.366666" start="September 3 2015 13:45:01 GMT-0600" endTimeInterval="26.899244" end="September 3 2015 13:45:06 GMT-0600" isDuration="true" title="" annotation-modificationDate="September 17 2015 12:54:17 GMT-0600" annotation-modificationUser="Jennifer Payne" annotation-category="Visual mapping modification" image="images/1923000.jpg">New Annotation…<category name="Visual mapping modification"></category>
    </event>
    <event startTimeInterval="32.399244" start="September 3 2015 13:45:12 GMT-0600" endTimeInterval="45.205711" end="September 3 2015 13:45:25 GMT-0600" isDuration="true" title="" annotation-modificationDate="September 17 2015 12:54:03 GMT-0600" annotation-modificationUser="Jennifer Payne" annotation-category="Visual mapping modification" image="images/2915932.jpg">New Annotation…<category name="Visual mapping modification"></category>
    </event>
    <event startTimeInterval="50.46988888888889" start="September 3 2015 13:45:30 GMT-0600" endTimeInterval="55.74174444444444" end="September 3 2015 13:45:35 GMT-0600" isDuration="true" title="" annotation-modificationDate="September 17 2015 12:46:26 GMT-0600" annotation-modificationUser="Jennifer Payne" annotation-category="Presentation mapping modification" image="images/4542290.jpg">New Annotation…<category name="Presentation mapping modification"></category>
    </event>
    <event startTimeInterval="60.20001111111111" start="September 3 2015 13:45:40 GMT-0600" endTimeInterval="94.18008888888889" end="September 3 2015 13:46:14 GMT-0600" isDuration="true" title="" annotation-modificationDate="September 17 2015 12:47:04 GMT-0600" annotation-modificationUser="Jennifer Payne" annotation-category="Visual mapping modification" image="images/5418001.jpg">New Annotation…<category name="Visual mapping modification"></category>
    </event>
    <event startTimeInterval="102.4740222222222" start="September 3 2015 13:46:22 GMT-0600" endTimeInterval="104.2303888888889" end="September 3 2015 13:46:24 GMT-0600" isDuration="true" title="" annotation-modificationDate="September 17 2015 12:47:20 GMT-0600" annotation-modificationUser="Jennifer Payne" annotation-category="Presentation mapping modification" image="images/9222662.jpg">New Annotation…<category name="Presentation mapping modification"></category>
    </event>
    <event startTimeInterval="107.1231111111111" start="September 3 2015 13:46:27 GMT-0600" endTimeInterval="128.2971222222222" end="September 3 2015 13:46:48 GMT-0600" isDuration="true" title="" annotation-modificationDate="September 17 2015 12:47:57 GMT-0600" annotation-modificationUser="Jennifer Payne" annotation-category="Visual mapping modification" image="images/9641080.jpg">New Annotation…<category name="Visual mapping modification"></category>
    </event>
    <event startTimeInterval="131.8995444444444" start="September 3 2015 13:46:51 GMT-0600" endTimeInterval="175.8757333333333" end="September 3 2015 13:47:35 GMT-0600" isDuration="true" title="" annotation-modificationDate="September 17 2015 12:48:42 GMT-0600" annotation-modificationUser="Jennifer Payne" annotation-category="Visual mapping modification" image="images/11870959.jpg">New Annotation…<category name="Visual mapping modification"></category>
    </event>
    <event startTimeInterval="181.3441666666667" start="September 3 2015 13:47:41 GMT-0600" endTimeInterval="207.5336888888889" end="September 3 2015 13:48:07 GMT-0600" isDuration="true" title="" annotation-modificationDate="September 17 2015 12:49:08 GMT-0600" annotation-modificationUser="Jennifer Payne" annotation-category="Visual mapping modification" image="images/16320975.jpg">New Annotation…<category name="Visual mapping modification"></category>
    </event>
    <event startTimeInterval="216.0146222222222" start="September 3 2015 13:48:16 GMT-0600" endTimeInterval="241.4287" end="September 3 2015 13:48:41 GMT-0600" isDuration="true" title="" annotation-modificationDate="September 17 2015 12:51:14 GMT-0600" annotation-modificationUser="Jennifer Payne" annotation-category="Visual mapping modification" image="images/19441316.jpg">New Annotation…<category name="Visual mapping modification"></category>
    </event>
    <event startTimeInterval="210.9116666666667" start="September 3 2015 13:48:10 GMT-0600" endTimeInterval="213.9000111111111" end="September 3 2015 13:48:13 GMT-0600" isDuration="true" title="" annotation-modificationDate="September 17 2015 12:50:52 GMT-0600" annotation-modificationUser="Jennifer Payne" annotation-category="Verifying the visualization-Imported" image="images/18982050.jpg">New Annotation…<category name="Verifying the visualization-Imported"></category>
    </event>
    <event startTimeInterval="248.3666777777778" start="September 3 2015 13:48:48 GMT-0600" endTimeInterval="282.3467555555555" end="September 3 2015 13:49:22 GMT-0600" isDuration="true" title="" annotation-modificationDate="September 17 2015 12:51:38 GMT-0600" annotation-modificationUser="Jennifer Payne" annotation-category="Visual mapping modification" image="images/22353001.jpg">New Annotation…<category name="Visual mapping modification"></category>
    </event>
    <event startTimeInterval="264.9370888888889" start="September 3 2015 13:49:04 GMT-0600" endTimeInterval="266" end="September 3 2015 13:49:06 GMT-0600" isDuration="true" title="" annotation-modificationDate="September 17 2015 12:52:15 GMT-0600" annotation-modificationUser="Jennifer Payne" annotation-category="Verifying the visualization-Imported" image="images/23844338.jpg">New Annotation…<category name="Verifying the visualization-Imported"></category>
    </event>
    <event startTimeInterval="268.5333444444444" start="September 3 2015 13:49:08 GMT-0600" endTimeInterval="271.4333444444445" end="September 3 2015 13:49:11 GMT-0600" isDuration="true" title="" annotation-modificationDate="September 17 2015 12:53:57 GMT-0600" annotation-modificationUser="Jennifer Payne" annotation-category="Verifying the visualization-Imported" image="images/24168001.jpg">New Annotation…<category name="Verifying the visualization-Imported"></category>
    </event>
</data>