<?xml version="1.0" encoding="UTF-8" standalone="no"?>
<data>
    <event startTimeInterval="1.947933" start="September 3 2015 13:43:36 GMT-0600" endTimeInterval="102.3649" end="September 3 2015 13:45:17 GMT-0600" isDuration="true" title="" annotation-modificationDate="September 17 2015 14:31:34 GMT-0600" annotation-modificationUser="Jennifer Payne" annotation-category="Loading data" image="images/175314.jpg">Typing in data.<category name="Loading data"></category>
    </event>
    <event startTimeInterval="102.838555" start="September 3 2015 13:45:17 GMT-0600" endTimeInterval="105.927077" end="September 3 2015 13:45:20 GMT-0600" isDuration="true" title="" annotation-modificationDate="September 17 2015 14:31:34 GMT-0600" annotation-modificationUser="Jennifer Payne" annotation-category="Selecting data" image="images/9255470.jpg">New Annotation…<category name="Selecting data"></category>
    </event>
    <event startTimeInterval="105.955544" start="September 3 2015 13:45:20 GMT-0600" endTimeInterval="117.539856" end="September 3 2015 13:45:32 GMT-0600" isDuration="true" title="" annotation-modificationDate="September 17 2015 14:33:06 GMT-0600" annotation-modificationUser="Jennifer Payne" annotation-category="Exploring the tool" image="images/9535999.jpg">New Annotation…<category name="Exploring the tool"></category>
    </event>
    <event startTimeInterval="118.1666777777778" start="September 3 2015 13:45:33 GMT-0600" endTimeInterval="122.4333444444444" end="September 3 2015 13:45:37 GMT-0600" isDuration="true" title="" annotation-modificationDate="September 17 2015 14:32:47 GMT-0600" annotation-modificationUser="Jennifer Payne" annotation-category="Interuption" image="images/10635001.jpg">Seeking clarification - "Do you want columns or bars?"<category name="Interuption"></category>
    </event>
    <event startTimeInterval="122.5333444444444" start="September 3 2015 13:45:37 GMT-0600" endTimeInterval="124.1000111111111" end="September 3 2015 13:45:39 GMT-0600" isDuration="true" title="" annotation-modificationDate="September 17 2015 14:33:36 GMT-0600" annotation-modificationUser="Jennifer Payne" annotation-category="Visual Mapping creation" image="images/11028001.jpg">New Annotation…<category name="Visual Mapping creation"></category>
    </event>
    <event startTimeInterval="131.9051" start="September 3 2015 13:45:46 GMT-0600" endTimeInterval="134.0000111111111" end="September 3 2015 13:45:49 GMT-0600" isDuration="true" title="" annotation-modificationDate="September 17 2015 14:34:21 GMT-0600" annotation-modificationUser="Jennifer Payne" annotation-category="Presentation mapping modification" image="images/11871459.jpg">Resizing.<category name="Presentation mapping modification"></category>
    </event>
    <event startTimeInterval="134.3087666666667" start="September 3 2015 13:45:49 GMT-0600" endTimeInterval="151.5803888888889" end="September 3 2015 13:46:06 GMT-0600" isDuration="true" title="" annotation-modificationDate="September 17 2015 14:34:39 GMT-0600" annotation-modificationUser="Jennifer Payne" annotation-category="Exploring the tool" image="images/12087789.jpg">New Annotation…<category name="Exploring the tool"></category>
    </event>
    <event startTimeInterval="151.2269333333333" start="September 3 2015 13:46:06 GMT-0600" endTimeInterval="161.6810333333333" end="September 3 2015 13:46:16 GMT-0600" isDuration="true" title="" annotation-modificationDate="September 17 2015 14:36:54 GMT-0600" annotation-modificationUser="Jennifer Payne" annotation-category="Interuption" color="#000000" image="images/13610424.jpg">Seeking clarification - "Do you need everything, or is this done?" "Yah, can you add the colours in there?"<category name="Interuption"></category>
    </event>
    <event startTimeInterval="160.012" start="September 3 2015 13:46:15 GMT-0600" endTimeInterval="180.2192888888889" end="September 3 2015 13:46:35 GMT-0600" isDuration="true" title="" annotation-modificationDate="September 17 2015 14:38:06 GMT-0600" annotation-modificationUser="Jennifer Payne" annotation-category="Exploring the tool" image="images/14401080.jpg">New Annotation…<category name="Exploring the tool"></category>
    </event>
    <event startTimeInterval="179.9775555555556" start="September 3 2015 13:46:34 GMT-0600" endTimeInterval="223.3958222222222" end="September 3 2015 13:47:18 GMT-0600" isDuration="true" title="" annotation-modificationDate="September 17 2015 14:41:34 GMT-0600" annotation-modificationUser="Jennifer Payne" annotation-category="Visual mapping modification" image="images/16197980.jpg">New Annotation…<category name="Visual mapping modification"></category>
    </event>
    <event startTimeInterval="290.7459444444444" start="September 3 2015 13:48:25 GMT-0600" endTimeInterval="301.1725666666667" end="September 3 2015 13:48:36 GMT-0600" isDuration="true" title="" annotation-modificationDate="September 17 2015 14:40:08 GMT-0600" annotation-modificationUser="Jennifer Payne" annotation-category="Interuption" image="images/26167135.jpg">Instruction from Tiffany.<category name="Interuption"></category>
    </event>
    <event startTimeInterval="301.2598111111111" start="September 3 2015 13:48:36 GMT-0600" endTimeInterval="325.6608" end="September 3 2015 13:49:00 GMT-0600" isDuration="true" title="" annotation-modificationDate="September 17 2015 14:40:50 GMT-0600" annotation-modificationUser="Jennifer Payne" annotation-category="Verifying the visualization" image="images/27113383.jpg">New Annotation…<category name="Verifying the visualization"></category>
    </event>
    <event startTimeInterval="222.8999444444445" start="September 3 2015 13:47:17 GMT-0600" endTimeInterval="231.0441" end="September 3 2015 13:47:26 GMT-0600" isDuration="true" title="" annotation-modificationDate="September 17 2015 14:41:18 GMT-0600" annotation-modificationUser="Jennifer Payne" annotation-category="Interuption" image="images/20060995.jpg">Seeking clarification - "Do bars have to be white?"<category name="Interuption"></category>
    </event>
    <event startTimeInterval="231.5632666666667" start="September 3 2015 13:47:26 GMT-0600" endTimeInterval="290.2709111111111" end="September 3 2015 13:48:25 GMT-0600" isDuration="true" title="" annotation-modificationDate="September 17 2015 14:41:50 GMT-0600" annotation-modificationUser="Jennifer Payne" annotation-category="Visual mapping modification" image="images/20840694.jpg">New Annotation…<category name="Visual mapping modification"></category>
    </event>
</data>