<?xml version="1.0" encoding="UTF-8" standalone="no"?>
<data>
    <event startTimeInterval="0" start="September 3 2015 13:43:45 GMT-0600" endTimeInterval="7.707589" end="September 3 2015 13:43:52 GMT-0600" isDuration="true" title="" annotation-modificationDate="September 17 2015 12:56:02 GMT-0600" annotation-modificationUser="Jennifer Payne" annotation-category="Loading data" image="images/0.jpg">Picking up tiles.<category name="Loading data"></category>
    </event>
    <event startTimeInterval="7.526944444444444" start="September 3 2015 13:43:52 GMT-0600" endTimeInterval="14.433344" end="September 3 2015 13:43:59 GMT-0600" isDuration="true" title="" annotation-modificationDate="September 17 2015 12:56:24 GMT-0600" annotation-modificationUser="Jennifer Payne" annotation-category="Visual mapping modification" image="images/677425.jpg">Puts down tiles, arranges in bar as she goes.<category name="Visual mapping modification"></category>
    </event>
    <event startTimeInterval="14.433344" start="September 3 2015 13:43:59 GMT-0600" endTimeInterval="21.600011" end="September 3 2015 13:44:06 GMT-0600" isDuration="true" title="" annotation-modificationDate="September 17 2015 12:56:58 GMT-0600" annotation-modificationUser="Jennifer Payne" annotation-category="Interuption" image="images/1299001.jpg">Seeking clarification - wondering if she can change the order.<category name="Interuption"></category>
    </event>
    <event startTimeInterval="19.21598888888889" start="September 3 2015 13:44:04 GMT-0600" endTimeInterval="35.366677" end="September 3 2015 13:44:20 GMT-0600" isDuration="true" title="" annotation-modificationDate="September 17 2015 12:57:52 GMT-0600" annotation-modificationUser="Jennifer Payne" annotation-category="Help from the operator" image="images/1729439.jpg">Response from Tiffany.<category name="Help from the operator"></category>
    </event>
    <event startTimeInterval="36.933344" start="September 3 2015 13:44:21 GMT-0600" endTimeInterval="50.129467" end="September 3 2015 13:44:35 GMT-0600" isDuration="true" title="" annotation-modificationDate="September 17 2015 12:58:29 GMT-0600" annotation-modificationUser="Jennifer Payne" annotation-category="Loading data" image="images/3324001.jpg">Getting tiles.<category name="Loading data"></category>
    </event>
    <event startTimeInterval="41.933344" start="September 3 2015 13:44:26 GMT-0600" endTimeInterval="57.700011" end="September 3 2015 13:44:42 GMT-0600" isDuration="true" title="" annotation-modificationDate="September 17 2015 12:54:35 GMT-0600" annotation-modificationUser="Jennifer Payne" annotation-category="Visual Mapping creation" image="images/3774001.jpg">New Annotation…<category name="Visual Mapping creation"></category>
    </event>
    <event startTimeInterval="436.6834" start="September 3 2015 13:51:01 GMT-0600" endTimeInterval="494.026812" end="September 3 2015 13:51:59 GMT-0600" isDuration="true" title="" annotation-modificationDate="September 17 2015 13:11:02 GMT-0600" annotation-modificationUser="Jennifer Payne" annotation-category="Verifying the visualization" image="images/39301506.jpg">New Annotation…<category name="Verifying the visualization"></category>
    </event>
    <event startTimeInterval="257.811787" start="September 3 2015 13:48:02 GMT-0600" endTimeInterval="263.311787" end="September 3 2015 13:48:08 GMT-0600" isDuration="true" title="" annotation-modificationDate="September 17 2015 12:54:35 GMT-0600" annotation-modificationUser="Jennifer Payne" annotation-category="Presentation mapping creation" image="images/23203061.jpg">New Annotation…<category name="Presentation mapping creation"></category>
    </event>
    <event startTimeInterval="264.811787" start="September 3 2015 13:48:09 GMT-0600" endTimeInterval="276.811788" end="September 3 2015 13:48:21 GMT-0600" isDuration="true" title="" annotation-modificationDate="September 17 2015 12:54:35 GMT-0600" annotation-modificationUser="Jennifer Payne" annotation-category="Loading data" image="images/23833061.jpg">New Annotation…<category name="Loading data"></category>
    </event>
    <event startTimeInterval="298.311788" start="September 3 2015 13:48:43 GMT-0600" endTimeInterval="302.311788" end="September 3 2015 13:48:47 GMT-0600" isDuration="true" title="" annotation-modificationDate="September 17 2015 12:54:35 GMT-0600" annotation-modificationUser="Jennifer Payne" annotation-category="Presentation mapping creation" image="images/26848061.jpg">New Annotation…<category name="Presentation mapping creation"></category>
    </event>
    <event startTimeInterval="302.811788" start="September 3 2015 13:48:47 GMT-0600" endTimeInterval="328.8118" end="September 3 2015 13:49:13 GMT-0600" isDuration="true" title="" annotation-modificationDate="September 17 2015 13:08:18 GMT-0600" annotation-modificationUser="Jennifer Payne" annotation-category="Loading data" image="images/27253061.jpg">New Annotation…<category name="Loading data"></category>
    </event>
    <event startTimeInterval="312.166666" start="September 3 2015 13:48:57 GMT-0600" endTimeInterval="328.811788" end="September 3 2015 13:49:13 GMT-0600" isDuration="true" title="" annotation-modificationDate="September 17 2015 13:07:54 GMT-0600" annotation-modificationUser="Jennifer Payne" annotation-category="Visual mapping modification" image="images/28095000.jpg">New Annotation…<category name="Visual mapping modification"></category>
    </event>
    <event startTimeInterval="328.766666" start="September 3 2015 13:49:13 GMT-0600" endTimeInterval="335.266666" end="September 3 2015 13:49:20 GMT-0600" isDuration="true" title="" annotation-modificationDate="September 17 2015 12:54:35 GMT-0600" annotation-modificationUser="Jennifer Payne" annotation-category="Presentation mapping creation" image="images/29589000.jpg">New Annotation…<category name="Presentation mapping creation"></category>
    </event>
    <event startTimeInterval="350.633333" start="September 3 2015 13:49:35 GMT-0600" endTimeInterval="358.133333" end="September 3 2015 13:49:43 GMT-0600" isDuration="true" title="" annotation-modificationDate="September 17 2015 12:54:35 GMT-0600" annotation-modificationUser="Jennifer Payne" annotation-category="Loading data" image="images/31557000.jpg">New Annotation…<category name="Loading data"></category>
    </event>
    <event startTimeInterval="370.133333" start="September 3 2015 13:49:55 GMT-0600" endTimeInterval="374.633333" end="September 3 2015 13:49:59 GMT-0600" isDuration="true" title="" annotation-modificationDate="September 17 2015 12:54:35 GMT-0600" annotation-modificationUser="Jennifer Payne" annotation-category="Presentation mapping creation" image="images/33312000.jpg">New Annotation…<category name="Presentation mapping creation"></category>
    </event>
    <event startTimeInterval="374.633333" start="September 3 2015 13:49:59 GMT-0600" endTimeInterval="385.133333" end="September 3 2015 13:50:10 GMT-0600" isDuration="true" title="" annotation-modificationDate="September 17 2015 12:54:35 GMT-0600" annotation-modificationUser="Jennifer Payne" annotation-category="Loading data" image="images/33717000.jpg">New Annotation…<category name="Loading data"></category>
    </event>
    <event startTimeInterval="395.133333" start="September 3 2015 13:50:20 GMT-0600" endTimeInterval="399.133333" end="September 3 2015 13:50:24 GMT-0600" isDuration="true" title="" annotation-modificationDate="September 17 2015 12:54:35 GMT-0600" annotation-modificationUser="Jennifer Payne" annotation-category="Loading data" image="images/35562000.jpg">New Annotation…<category name="Loading data"></category>
    </event>
    <event startTimeInterval="400.633333" start="September 3 2015 13:50:25 GMT-0600" endTimeInterval="402.133333" end="September 3 2015 13:50:27 GMT-0600" isDuration="true" title="" annotation-modificationDate="September 17 2015 12:54:35 GMT-0600" annotation-modificationUser="Jennifer Payne" annotation-category="Loading data" image="images/36057000.jpg">New Annotation…<category name="Loading data"></category>
    </event>
    <event startTimeInterval="406.133333" start="September 3 2015 13:50:31 GMT-0600" endTimeInterval="412.633333" end="September 3 2015 13:50:37 GMT-0600" isDuration="true" title="" annotation-modificationDate="September 17 2015 12:54:35 GMT-0600" annotation-modificationUser="Jennifer Payne" annotation-category="Presentation mapping creation" image="images/36552000.jpg">New Annotation…<category name="Presentation mapping creation"></category>
    </event>
    <event startTimeInterval="413.169222" start="September 3 2015 13:50:38 GMT-0600" endTimeInterval="428.933344" end="September 3 2015 13:50:53 GMT-0600" isDuration="true" title="" annotation-modificationDate="September 17 2015 13:10:51 GMT-0600" annotation-modificationUser="Jennifer Payne" annotation-category="Presentation mapping modification" image="images/37185230.jpg">Straightening.<category name="Presentation mapping modification"></category>
    </event>
    <event startTimeInterval="427.7" start="September 3 2015 13:50:52 GMT-0600" endTimeInterval="436.536477" end="September 3 2015 13:51:01 GMT-0600" isDuration="true" title="" annotation-modificationDate="September 17 2015 12:54:50 GMT-0600" annotation-modificationUser="Jennifer Payne" annotation-category="Interuption" image="images/38493000.jpg">New Annotation…<category name="Interuption"></category>
    </event>
    <event startTimeInterval="41.59451111111111" start="September 3 2015 13:44:26 GMT-0600" endTimeInterval="45.48564444444445" end="September 3 2015 13:44:30 GMT-0600" isDuration="true" title="" annotation-modificationDate="September 17 2015 12:58:15 GMT-0600" annotation-modificationUser="Jennifer Payne" annotation-category="Verifying the visualization" image="images/3743506.jpg">New Annotation…<category name="Verifying the visualization"></category>
    </event>
    <event startTimeInterval="52.56667777777778" start="September 3 2015 13:44:37 GMT-0600" endTimeInterval="59.43334444444444" end="September 3 2015 13:44:44 GMT-0600" isDuration="true" title="" annotation-modificationDate="September 17 2015 12:58:47 GMT-0600" annotation-modificationUser="Jennifer Payne" annotation-category="Presentation mapping modification" image="images/4731001.jpg">New Annotation…<category name="Presentation mapping modification"></category>
    </event>
    <event startTimeInterval="59.43334444444444" start="September 3 2015 13:44:44 GMT-0600" endTimeInterval="86.29253333333334" end="September 3 2015 13:45:11 GMT-0600" isDuration="true" title="" annotation-modificationDate="September 17 2015 13:01:54 GMT-0600" annotation-modificationUser="Jennifer Payne" annotation-category="Loading data" image="images/5349001.jpg">New Annotation…<category name="Loading data"></category>
    </event>
    <event startTimeInterval="69.80001111111112" start="September 3 2015 13:44:54 GMT-0600" endTimeInterval="87.92558888888888" end="September 3 2015 13:45:12 GMT-0600" isDuration="true" title="" annotation-modificationDate="September 17 2015 13:01:17 GMT-0600" annotation-modificationUser="Jennifer Payne" annotation-category="Visual mapping modification" image="images/6282001.jpg">New Annotation…<category name="Visual mapping modification"></category>
    </event>
    <event startTimeInterval="87.83334444444445" start="September 3 2015 13:45:12 GMT-0600" endTimeInterval="94.94913333333334" end="September 3 2015 13:45:19 GMT-0600" isDuration="true" title="" annotation-modificationDate="September 17 2015 13:01:09 GMT-0600" annotation-modificationUser="Jennifer Payne" annotation-category="Presentation mapping modification" image="images/7905001.jpg">New Annotation…<category name="Presentation mapping modification"></category>
    </event>
    <event startTimeInterval="103.8333444444444" start="September 3 2015 13:45:28 GMT-0600" endTimeInterval="153.3777555555556" end="September 3 2015 13:46:18 GMT-0600" isDuration="true" title="" annotation-modificationDate="September 17 2015 13:04:16 GMT-0600" annotation-modificationUser="Jennifer Payne" annotation-category="Loading data" image="images/9345001.jpg">New Annotation…<category name="Loading data"></category>
    </event>
    <event startTimeInterval="113.7333444444444" start="September 3 2015 13:45:38 GMT-0600" endTimeInterval="126.0000111111111" end="September 3 2015 13:45:51 GMT-0600" isDuration="true" title="" annotation-modificationDate="September 17 2015 13:02:33 GMT-0600" annotation-modificationUser="Jennifer Payne" annotation-category="Presentation mapping creation" image="images/10236001.jpg">New Annotation…<category name="Presentation mapping creation"></category>
    </event>
    <event startTimeInterval="127.1333444444444" start="September 3 2015 13:45:52 GMT-0600" endTimeInterval="140.5333444444445" end="September 3 2015 13:46:05 GMT-0600" isDuration="true" title="" annotation-modificationDate="September 17 2015 13:02:54 GMT-0600" annotation-modificationUser="Jennifer Payne" annotation-category="Visual mapping modification" image="images/11442001.jpg">New Annotation…<category name="Visual mapping modification"></category>
    </event>
    <event startTimeInterval="142.4333444444445" start="September 3 2015 13:46:07 GMT-0600" endTimeInterval="145.5666777777778" end="September 3 2015 13:46:10 GMT-0600" isDuration="true" title="" annotation-modificationDate="September 17 2015 13:03:16 GMT-0600" annotation-modificationUser="Jennifer Payne" annotation-category="Presentation mapping creation" image="images/12819001.jpg">New Annotation…<category name="Presentation mapping creation"></category>
    </event>
    <event startTimeInterval="155.6666777777778" start="September 3 2015 13:46:20 GMT-0600" endTimeInterval="213.3678888888889" end="September 3 2015 13:47:18 GMT-0600" isDuration="true" title="" annotation-modificationDate="September 17 2015 13:05:22 GMT-0600" annotation-modificationUser="Jennifer Payne" annotation-category="Visual mapping modification" image="images/14010001.jpg">New Annotation…<category name="Visual mapping modification"></category>
    </event>
    <event startTimeInterval="165.2363666666667" start="September 3 2015 13:46:30 GMT-0600" endTimeInterval="176.4015444444445" end="September 3 2015 13:46:41 GMT-0600" isDuration="true" title="" annotation-modificationDate="September 17 2015 13:04:29 GMT-0600" annotation-modificationUser="Jennifer Payne" annotation-category="Presentation mapping modification" image="images/14871273.jpg">New Annotation…<category name="Presentation mapping modification"></category>
    </event>
    <event startTimeInterval="179.8666777777778" start="September 3 2015 13:46:44 GMT-0600" endTimeInterval="184.1666777777778" end="September 3 2015 13:46:49 GMT-0600" isDuration="true" title="" annotation-modificationDate="September 17 2015 13:04:41 GMT-0600" annotation-modificationUser="Jennifer Payne" annotation-category="Presentation mapping creation" image="images/16188001.jpg">New Annotation…<category name="Presentation mapping creation"></category>
    </event>
    <event startTimeInterval="184.1666777777778" start="September 3 2015 13:46:49 GMT-0600" endTimeInterval="212.6000111111111" end="September 3 2015 13:47:17 GMT-0600" isDuration="true" title="" annotation-modificationDate="September 17 2015 13:05:12 GMT-0600" annotation-modificationUser="Jennifer Payne" annotation-category="Loading data" image="images/16575001.jpg">New Annotation…<category name="Loading data"></category>
    </event>
    <event startTimeInterval="213.3678888888889" start="September 3 2015 13:47:18 GMT-0600" endTimeInterval="217.8333444444444" end="September 3 2015 13:47:22 GMT-0600" isDuration="true" title="" annotation-modificationDate="September 17 2015 13:05:37 GMT-0600" annotation-modificationUser="Jennifer Payne" annotation-category="Presentation mapping creation" image="images/19203110.jpg">New Annotation…<category name="Presentation mapping creation"></category>
    </event>
    <event startTimeInterval="217.8333444444444" start="September 3 2015 13:47:22 GMT-0600" endTimeInterval="257.8636" end="September 3 2015 13:48:02 GMT-0600" isDuration="true" title="" annotation-modificationDate="September 17 2015 13:07:01 GMT-0600" annotation-modificationUser="Jennifer Payne" annotation-category="Loading data" image="images/19605001.jpg">New Annotation…<category name="Loading data"></category>
        <category name="Loading data"></category>
    </event>
    <event startTimeInterval="231.8333444444444" start="September 3 2015 13:47:36 GMT-0600" endTimeInterval="257.7000111111111" end="September 3 2015 13:48:02 GMT-0600" isDuration="true" title="" annotation-modificationDate="September 17 2015 13:06:28 GMT-0600" annotation-modificationUser="Jennifer Payne" annotation-category="Visual mapping modification" image="images/20865001.jpg">New Annotation…<category name="Visual mapping modification"></category>
    </event>
    <event startTimeInterval="276.8333444444444" start="September 3 2015 13:48:21 GMT-0600" endTimeInterval="298.8000111111111" end="September 3 2015 13:48:43 GMT-0600" isDuration="true" title="" annotation-modificationDate="September 17 2015 13:07:31 GMT-0600" annotation-modificationUser="Jennifer Payne" annotation-category="Visual mapping modification" image="images/24915001.jpg">New Annotation…<category name="Visual mapping modification"></category>
    </event>
    <event startTimeInterval="335.2020666666667" start="September 3 2015 13:49:20 GMT-0600" endTimeInterval="344.7000111111111" end="September 3 2015 13:49:29 GMT-0600" isDuration="true" title="" annotation-modificationDate="September 17 2015 13:08:49 GMT-0600" annotation-modificationUser="Jennifer Payne" annotation-category="Presentation mapping modification" image="images/30168186.jpg">New Annotation…<category name="Presentation mapping modification"></category>
    </event>
    <event startTimeInterval="358.6666777777777" start="September 3 2015 13:49:43 GMT-0600" endTimeInterval="370.2000111111111" end="September 3 2015 13:49:55 GMT-0600" isDuration="true" title="" annotation-modificationDate="September 17 2015 13:09:19 GMT-0600" annotation-modificationUser="Jennifer Payne" annotation-category="Visual mapping modification" image="images/32280001.jpg">New Annotation…<category name="Visual mapping modification"></category>
    </event>
    <event startTimeInterval="385.5000111111111" start="September 3 2015 13:50:10 GMT-0600" endTimeInterval="395.1333444444444" end="September 3 2015 13:50:20 GMT-0600" isDuration="true" title="" annotation-modificationDate="September 17 2015 13:09:51 GMT-0600" annotation-modificationUser="Jennifer Payne" annotation-category="Visual mapping modification" image="images/34695001.jpg">New Annotation…<category name="Visual mapping modification"></category>
    </event>
</data>