<?xml version="1.0" encoding="UTF-8" standalone="no"?>
<data>
    <event startTimeInterval="0" start="September 3 2015 13:43:37 GMT-0600" endTimeInterval="267.249912" end="September 3 2015 13:48:04 GMT-0600" isDuration="true" title="" annotation-modificationDate="September 17 2015 15:01:20 GMT-0600" annotation-modificationUser="Jennifer Payne" annotation-category="Loading data" image="images/0.jpg">New Annotation…<category name="Loading data"></category>
    </event>
    <event startTimeInterval="0" start="September 3 2015 13:43:37 GMT-0600" endTimeInterval="196.9333444444445" end="September 3 2015 13:46:53 GMT-0600" isDuration="true" title="" annotation-modificationDate="September 17 2015 15:00:49 GMT-0600" annotation-modificationUser="Jennifer Payne" annotation-category="Visual Mapping creation" image="images/0.jpg">New Annotation…<category name="Visual Mapping creation"></category>
    </event>
    <event startTimeInterval="196.5905888888889" start="September 3 2015 13:46:53 GMT-0600" endTimeInterval="303.3000111111111" end="September 3 2015 13:48:40 GMT-0600" isDuration="true" title="" annotation-modificationDate="September 17 2015 15:02:50 GMT-0600" annotation-modificationUser="Jennifer Payne" annotation-category="Presentation mapping creation" image="images/17693153.jpg">Labelling x-axis, labelling y-axis with units. <category name="Presentation mapping creation"></category>
    </event>
    <event startTimeInterval="303.8725666666667" start="September 3 2015 13:48:40 GMT-0600" endTimeInterval="328.4000111111111" end="September 3 2015 13:49:05 GMT-0600" isDuration="true" title="" annotation-modificationDate="September 17 2015 15:04:13 GMT-0600" annotation-modificationUser="Jennifer Payne" annotation-category="Verifying the visualization" image="images/27348531.jpg">New Annotation…<category name="Verifying the visualization"></category>
        <category name="Verifying the visualization"></category>
    </event>
    <event startTimeInterval="336.5333444444444" start="September 3 2015 13:49:13 GMT-0600" endTimeInterval="373.0639555555555" end="September 3 2015 13:49:50 GMT-0600" isDuration="true" title="" annotation-modificationDate="September 17 2015 15:05:01 GMT-0600" annotation-modificationUser="Jennifer Payne" annotation-category="Presentation mapping modification" image="images/30288001.jpg">New Annotation…<category name="Presentation mapping modification"></category>
    </event>
    <event startTimeInterval="373.3268888888889" start="September 3 2015 13:49:50 GMT-0600" endTimeInterval="400.7972222222222" end="September 3 2015 13:50:17 GMT-0600" isDuration="true" title="" annotation-modificationDate="September 17 2015 15:05:27 GMT-0600" annotation-modificationUser="Jennifer Payne" annotation-category="Visual mapping modification" image="images/33599420.jpg">CORRECTION<category name="Visual mapping modification"></category>
    </event>
    <event startTimeInterval="401.4711555555556" start="September 3 2015 13:50:18 GMT-0600" endTimeInterval="457.1000111111111" end="September 3 2015 13:51:14 GMT-0600" isDuration="true" title="" annotation-modificationDate="September 17 2015 15:06:28 GMT-0600" annotation-modificationUser="Jennifer Payne" annotation-category="Verifying the visualization" image="images/36132404.jpg">New Annotation…<category name="Verifying the visualization"></category>
    </event>
</data>