<?xml version="1.0" encoding="UTF-8" standalone="no"?>
<data>
    <event startTimeInterval="0" start="September 3 2015 13:44:44 GMT-0600" endTimeInterval="2.5" end="September 3 2015 13:44:46 GMT-0600" isDuration="true" title="" annotation-modificationDate="September 17 2015 11:49:09 GMT-0600" annotation-modificationUser="Jennifer Payne" annotation-category="Loading data" image="images/0.jpg">New Annotation…<category name="Loading data"></category>
    </event>
    <event startTimeInterval="5.5" start="September 3 2015 13:44:49 GMT-0600" endTimeInterval="7" end="September 3 2015 13:44:51 GMT-0600" isDuration="true" title="" annotation-modificationDate="September 17 2015 11:49:09 GMT-0600" annotation-modificationUser="Jennifer Payne" annotation-category="Loading data" image="images/495000.jpg">New Annotation…<category name="Loading data"></category>
    </event>
    <event startTimeInterval="10" start="September 3 2015 13:44:54 GMT-0600" endTimeInterval="12.5" end="September 3 2015 13:44:56 GMT-0600" isDuration="true" title="" annotation-modificationDate="September 17 2015 11:49:09 GMT-0600" annotation-modificationUser="Jennifer Payne" annotation-category="Loading data" image="images/900000.jpg">New Annotation…<category name="Loading data"></category>
    </event>
    <event startTimeInterval="18" start="September 3 2015 13:45:02 GMT-0600" endTimeInterval="21.5" end="September 3 2015 13:45:05 GMT-0600" isDuration="true" title="" annotation-modificationDate="September 17 2015 11:49:09 GMT-0600" annotation-modificationUser="Jennifer Payne" annotation-category="Loading data" image="images/1620000.jpg">New Annotation…<category name="Loading data"></category>
    </event>
    <event startTimeInterval="27" start="September 3 2015 13:45:11 GMT-0600" endTimeInterval="29" end="September 3 2015 13:45:13 GMT-0600" isDuration="true" title="" annotation-modificationDate="September 17 2015 11:49:09 GMT-0600" annotation-modificationUser="Jennifer Payne" annotation-category="Loading data" image="images/2430000.jpg">New Annotation…<category name="Loading data"></category>
    </event>
    <event startTimeInterval="34" start="September 3 2015 13:45:18 GMT-0600" endTimeInterval="37.5" end="September 3 2015 13:45:21 GMT-0600" isDuration="true" title="" annotation-modificationDate="September 17 2015 11:49:09 GMT-0600" annotation-modificationUser="Jennifer Payne" annotation-category="Loading data" image="images/3060000.jpg">New Annotation…<category name="Loading data"></category>
    </event>
    <event startTimeInterval="45.5" start="September 3 2015 13:45:29 GMT-0600" endTimeInterval="47" end="September 3 2015 13:45:31 GMT-0600" isDuration="true" title="" annotation-modificationDate="September 17 2015 11:49:09 GMT-0600" annotation-modificationUser="Jennifer Payne" annotation-category="Loading data" image="images/4095000.jpg">New Annotation…<category name="Loading data"></category>
    </event>
    <event startTimeInterval="48.5" start="September 3 2015 13:45:32 GMT-0600" endTimeInterval="50" end="September 3 2015 13:45:34 GMT-0600" isDuration="true" title="" annotation-modificationDate="September 17 2015 11:49:09 GMT-0600" annotation-modificationUser="Jennifer Payne" annotation-category="Loading data" image="images/4365000.jpg">New Annotation…<category name="Loading data"></category>
    </event>
    <event startTimeInterval="51.5" start="September 3 2015 13:45:35 GMT-0600" endTimeInterval="53" end="September 3 2015 13:45:37 GMT-0600" isDuration="true" title="" annotation-modificationDate="September 17 2015 11:49:09 GMT-0600" annotation-modificationUser="Jennifer Payne" annotation-category="Loading data" image="images/4635000.jpg">New Annotation…<category name="Loading data"></category>
    </event>
    <event startTimeInterval="54" start="September 3 2015 13:45:38 GMT-0600" endTimeInterval="55" end="September 3 2015 13:45:39 GMT-0600" isDuration="true" title="" annotation-modificationDate="September 17 2015 11:49:09 GMT-0600" annotation-modificationUser="Jennifer Payne" annotation-category="Loading data" image="images/4860000.jpg">New Annotation…<category name="Loading data"></category>
    </event>
    <event startTimeInterval="62" start="September 3 2015 13:45:46 GMT-0600" endTimeInterval="67" end="September 3 2015 13:45:51 GMT-0600" isDuration="true" title="" annotation-modificationDate="September 17 2015 11:49:09 GMT-0600" annotation-modificationUser="Jennifer Payne" annotation-category="Loading data" image="images/5580000.jpg">New Annotation…<category name="Loading data"></category>
    </event>
    <event startTimeInterval="75.5" start="September 3 2015 13:45:59 GMT-0600" endTimeInterval="86" end="September 3 2015 13:46:10 GMT-0600" isDuration="true" title="" annotation-modificationDate="September 17 2015 11:49:09 GMT-0600" annotation-modificationUser="Jennifer Payne" annotation-category="Loading data" image="images/6795000.jpg">New Annotation…<category name="Loading data"></category>
    </event>
    <event startTimeInterval="127.638122" start="September 3 2015 13:46:51 GMT-0600" endTimeInterval="132" end="September 3 2015 13:46:56 GMT-0600" isDuration="true" title="" annotation-modificationDate="September 17 2015 11:49:09 GMT-0600" annotation-modificationUser="Jennifer Payne" annotation-category="Loading data" image="images/11487431.jpg">New Annotation…<category name="Loading data"></category>
    </event>
    <event startTimeInterval="146.5" start="September 3 2015 13:47:10 GMT-0600" endTimeInterval="148" end="September 3 2015 13:47:12 GMT-0600" isDuration="true" title="" annotation-modificationDate="September 17 2015 11:49:09 GMT-0600" annotation-modificationUser="Jennifer Payne" annotation-category="Loading data" image="images/13185000.jpg">New Annotation…<category name="Loading data"></category>
    </event>
    <event startTimeInterval="159.5" start="September 3 2015 13:47:23 GMT-0600" endTimeInterval="163.5" end="September 3 2015 13:47:27 GMT-0600" isDuration="true" title="" annotation-modificationDate="September 17 2015 11:49:09 GMT-0600" annotation-modificationUser="Jennifer Payne" annotation-category="Loading data" image="images/14355000.jpg">New Annotation…<category name="Loading data"></category>
    </event>
    <event startTimeInterval="172.5" start="September 3 2015 13:47:36 GMT-0600" endTimeInterval="175" end="September 3 2015 13:47:39 GMT-0600" isDuration="true" title="" annotation-modificationDate="September 17 2015 11:49:09 GMT-0600" annotation-modificationUser="Jennifer Payne" annotation-category="Loading data" image="images/15525000.jpg">New Annotation…<category name="Loading data"></category>
    </event>
    <event startTimeInterval="251.100011" start="September 3 2015 13:48:55 GMT-0600" endTimeInterval="288.566666" end="September 3 2015 13:49:32 GMT-0600" isDuration="true" title="" annotation-modificationDate="September 17 2015 11:49:09 GMT-0600" annotation-modificationUser="Jennifer Payne" annotation-category="Presentation mapping creation" image="images/22599001.jpg">Y-axis.<category name="Presentation mapping creation"></category>
    </event>
    <event startTimeInterval="288.566666" start="September 3 2015 13:49:32 GMT-0600" endTimeInterval="334.566666" end="September 3 2015 13:50:18 GMT-0600" isDuration="true" title="" annotation-modificationDate="September 17 2015 11:49:09 GMT-0600" annotation-modificationUser="Jennifer Payne" annotation-category="Verifying the visualization" image="images/25971000.jpg">Verifying.<category name="Verifying the visualization"></category>
    </event>
    <event startTimeInterval="338.166677" start="September 3 2015 13:50:22 GMT-0600" endTimeInterval="360.171177" end="September 3 2015 13:50:44 GMT-0600" isDuration="true" title="" annotation-modificationDate="September 17 2015 11:49:09 GMT-0600" annotation-modificationUser="Jennifer Payne" annotation-category="Presentation mapping modification" image="images/30435001.jpg">Aligning bars.<category name="Presentation mapping modification"></category>
    </event>
    <event startTimeInterval="360.171177" start="September 3 2015 13:50:44 GMT-0600" endTimeInterval="400.446244" end="September 3 2015 13:51:24 GMT-0600" isDuration="true" title="" annotation-modificationDate="September 17 2015 11:49:09 GMT-0600" annotation-modificationUser="Jennifer Payne" annotation-category="Presentation mapping creation" image="images/32415406.jpg">X-axis.<category name="Presentation mapping creation"></category>
    </event>
    <event startTimeInterval="2.566677" start="September 3 2015 13:44:46 GMT-0600" endTimeInterval="62" end="September 3 2015 13:45:46 GMT-0600" isDuration="true" title="" annotation-modificationDate="September 17 2015 11:49:09 GMT-0600" annotation-modificationUser="Jennifer Payne" annotation-category="Visual mapping modification" image="images/231001.jpg">New Annotation…<category name="Visual mapping modification"></category>
    </event>
    <event startTimeInterval="17.166666" start="September 3 2015 13:45:01 GMT-0600" endTimeInterval="19.166666" end="September 3 2015 13:45:03 GMT-0600" isDuration="true" title="" annotation-modificationDate="September 17 2015 11:49:09 GMT-0600" annotation-modificationUser="Jennifer Payne" annotation-category="Presentation mapping modification" image="images/1545000.jpg">New Annotation…<category name="Presentation mapping modification"></category>
    </event>
    <event startTimeInterval="67.766677" start="September 3 2015 13:45:51 GMT-0600" endTimeInterval="93.566677" end="September 3 2015 13:46:17 GMT-0600" isDuration="true" title="" annotation-modificationDate="September 17 2015 11:49:09 GMT-0600" annotation-modificationUser="Jennifer Payne" annotation-category="Visual mapping modification" image="images/6099001.jpg">New Annotation…<category name="Visual mapping modification"></category>
    </event>
    <event startTimeInterval="93.566677" start="September 3 2015 13:46:17 GMT-0600" endTimeInterval="127.000011" end="September 3 2015 13:46:51 GMT-0600" isDuration="true" title="" annotation-modificationDate="September 17 2015 11:49:09 GMT-0600" annotation-modificationUser="Jennifer Payne" annotation-category="Presentation mapping modification" image="images/8421001.jpg">New Annotation…<category name="Presentation mapping modification"></category>
    </event>
    <event startTimeInterval="133.000011" start="September 3 2015 13:46:57 GMT-0600" endTimeInterval="190.541522" end="September 3 2015 13:47:54 GMT-0600" isDuration="true" title="" annotation-modificationDate="September 17 2015 11:49:09 GMT-0600" annotation-modificationUser="Jennifer Payne" annotation-category="Visual mapping modification" image="images/11970001.jpg">New Annotation…<category name="Visual mapping modification"></category>
    </event>
    <event startTimeInterval="190.169488" start="September 3 2015 13:47:54 GMT-0600" endTimeInterval="236.800011" end="September 3 2015 13:48:40 GMT-0600" isDuration="true" title="" annotation-modificationDate="September 17 2015 11:49:09 GMT-0600" annotation-modificationUser="Jennifer Payne" annotation-category="Presentation mapping modification" image="images/17115254.jpg">New Annotation…<category name="Presentation mapping modification"></category>
    </event>
    <event startTimeInterval="237.0299" start="September 3 2015 13:48:41 GMT-0600" endTimeInterval="251.479311" end="September 3 2015 13:48:55 GMT-0600" isDuration="true" title="" annotation-modificationDate="September 17 2015 11:49:09 GMT-0600" annotation-modificationUser="Jennifer Payne" annotation-category="Interuption" image="images/21332691.jpg">New Annotation…<category name="Interuption"></category>
    </event>
</data>